Actor1Name,Actor1KnownGroupCode,Actor1Type1Code,Actor1Type2Code,Actor1Type3Code,Actor2Name,Actor2KnownGroupCode,Actor2Type1Code,Actor2Type2Code,Actor2Type3Code,EventCode,EventBaseCode,EventRootCode,GoldsteinScale,NumMentions,AvgTone
ADVOCATE,,JUD,,,,,,,,010,010,01,0.0,4,6.02910602910603
,,,,,JEWISH,,CVL,,,051,051,05,3.4,5,-2.91079812206573
ADVOCATE,,JUD,,,BUSINESS,,BUS,CVL,,051,051,05,3.4,6,6.02910602910603
ARGENTINEAN,,,,,JEWISH,,CVL,,,051,051,05,3.4,5,-2.91079812206573
ADVOCATE,,JUD,,,BUSINESS,,BUS,CVL,,051,051,05,3.4,4,6.02910602910603
ADVOCATE,,JUD,,,,,,,,010,010,01,0.0,6,6.02910602910603
AFRICA,,,,,VILLAGE,,CVL,,,190,190,19,-10.0,2,-5.26315789473684
UNITED STATES,,,,,,,,,,020,020,02,3.0,4,0.97087378640777
GENEVA,,,,,DRUG TRAFFICKER,,CRM,,,093,093,09,-2.0,2,-7.14285714285714
,,,,,ISRAEL,,,,,042,042,04,1.9,2,3.00429184549356
GERMANY,,,,,KAZAKHSTAN,,,,,051,051,05,3.4,8,0.66815144766147
GERMANY,,,,,KAZAKHSTAN,,,,,051,051,05,3.4,8,-0.44671346522017
CUBA,,,,,,,,,,043,043,04,2.8,3,3.00429184549356
ISRAEL,,,,,,,,,,043,043,04,2.8,3,3.00429184549356
FARMER,,AGR,,,,,,,,071,071,07,7.4,5,-0.564971751412426
GERMANY,,,,,KAZAKHSTAN,,,,,051,051,05,3.4,2,0.66815144766147
ROME,,,,,FARMER,,AGR,,,042,042,04,1.9,5,-3.00884955752213
OKLAHOMA,,,,,PRISON,,COP,,,173,173,17,-5.0,10,-9.31435963777493
UNITED KINGDOM,,,,,HOSPITAL,,HLH,,,010,010,01,0.0,8,-3.29113924050633
UNITED STATES,,,,,,,,,,010,010,01,0.0,4,1.36268343815514
OKLAHOMA,,,,,GANG,,CRM,,,112,112,11,-2.0,2,-9.31435963777493
,,,,,CUBA,,,,,042,042,04,1.9,3,3.00429184549356
FARMER,,AGR,,,LONDON,,,,,043,043,04,2.8,5,-2.68336314847942
,,,,,CUBA,,,,,042,042,04,1.9,1,3.00429184549356
GENEVA,,JUD,,,SWISS,,,,,093,093,09,-2.0,6,-7.14285714285714
CUBA,,,,,,,,,,043,043,04,2.8,1,3.00429184549356
FARMER,,AGR,,,EMPLOYEE,,LAB,,,071,071,07,7.4,5,-0.564971751412426
CUBA,,,,,,,,,,043,043,04,2.8,1,3.00429184549356
,,,,,CUBA,,,,,042,042,04,1.9,1,3.00429184549356
UNITED STATES,,,,,GANG,,CRM,,,112,112,11,-2.0,1,-9.31435963777493
,,,,,CUBA,,,,,042,042,04,1.9,5,3.00429184549356
SWITZERLAND,,,,,,,,,,120,120,12,-4.0,10,-0.76045627376425
FARMER,,AGR,,,ROME,,,,,043,043,04,2.8,5,-3.00884955752213
OKLAHOMA,,,,,GANG,,CRM,,,112,112,11,-2.0,7,-9.31435963777493
MILITARY,,MIL,,,,,,,,190,190,19,-10.0,10,-3.52941176470588
TANZANIA,,,,,UNITED NATIONS,UNO,IGO,,,190,190,19,-10.0,10,-4.21455938697318
UNITED KINGDOM,,,,,HOSPITAL,,HLH,,,111,111,11,-2.0,8,-3.29113924050633
GERMANY,,,,,KAZAKHSTAN,,,,,051,051,05,3.4,2,-0.44671346522017
UNITED STATES,,,,,,,,,,020,020,02,3.0,10,-2.54668930390492
CUBA,,,,,,,,,,043,043,04,2.8,5,3.00429184549356
AFRICA,,,,,VILLAGE,,CVL,,,190,190,19,-10.0,6,-5.26315789473684
ISRAEL,,,,,,,,,,043,043,04,2.8,2,3.00429184549356
LONDON,,,,,FARMER,,AGR,,,042,042,04,1.9,5,-2.68336314847942
,,,,,ISRAEL,,,,,042,042,04,1.9,3,3.00429184549356
CANADA,,,,,,,,,,020,020,02,3.0,2,-5.90909090909091
,,,,,CANADA,,,,,043,043,04,2.8,2,0.0
,,,,,CHRISTIANITY,,,,,051,051,05,3.4,10,-0.23771790808241
CANADA,,,,,,,,,,173,173,17,-5.0,2,-5.90909090909091
MEXICO,,,,,,,,,,010,010,01,0.0,1,-0.47573739295908
COMPANIES,,BUS,,,,,,,,070,070,07,7.0,10,2.77777777777778
ROME,,,,,FARMER,,AGR,,,042,042,04,1.9,5,-3.00884955752213
UNITED STATES,,,,,,,,,,0842,084,08,7.0,3,0.59288537549407
,,,,,CHRISTIANITY,,,,,051,051,05,3.4,4,-0.42052144659378
CANADA,,,,,,,,,,042,042,04,1.9,2,0.0
COMPANIES,,BUS,,,,,,,,071,071,07,7.4,10,-2.17391304347826
GOVERNMENT,,GOV,,,AFGHAN,,,,,110,110,11,-2.0,6,3.87323943661971
FARMER,,AGR,,,ROME,,,,,043,043,04,2.8,5,-3.00884955752213
SWITZERLAND,,,,,,,,,,120,120,12,-4.0,10,-0.76045627376425
UNITED STATES,,,,,,,,,,0842,084,08,7.0,3,0.59288537549407
GOVERNMENT,,GOV,,,AFGHANISTAN,,,,,110,110,11,-2.0,2,3.87323943661971
MILITARY,,MIL,,,,,,,,190,190,19,-10.0,10,-3.34728033472804
SOUTH CAROLINA,,,,,NEWSPAPER,,MED,,,190,190,19,-10.0,10,-7.08582834331337
GOVERNMENT,,GOV,,,AFGHANISTAN,,,,,110,110,11,-2.0,2,3.87323943661971
UNITED STATES,,EDU,,,SCHOOL,,EDU,,,020,020,02,3.0,2,-1.30718954248366
UNITED STATES,,,,,,,,,,043,043,04,2.8,4,-3.58126721763086
GERMANY,,,,,IMMIGRANT,,CVL,,,051,051,05,3.4,2,-0.98478066248881
,,,,,UNITED STATES,,,,,042,042,04,1.9,4,-3.58126721763086
SCHOOL,,EDU,,,,,,,,020,020,02,3.0,1,-1.30718954248366
UNITED STATES,,,,,SCHOOL,,EDU,,,020,020,02,3.0,4,-1.30718954248366
,,,,,NORTH AMERICA,,,,,042,042,04,1.9,2,-3.58126721763086
GOVERNMENT,,GOV,,,FARMER,,AGR,,,042,042,04,1.9,10,2.11267605633802
SWITZERLAND,,,,,,,,,,120,120,12,-4.0,10,-0.76045627376425
GERMANY,,,,,IMMIGRANT,,CVL,,,051,051,05,3.4,8,-0.98478066248881
FARMER,,AGR,,,GOVERNMENT,,GOV,,,043,043,04,2.8,2,2.11267605633802
AUSTRALIA,,,,,,,,,,051,051,05,3.4,5,-2.91733922351542
NORTH AMERICA,,,,,,,,,,043,043,04,2.8,2,-3.58126721763086
FARMER,,AGR,,,GOVERNMENT,,GOV,,,043,043,04,2.8,8,2.11267605633802
AUSTRALIA,,,,,,,,,,051,051,05,3.4,5,-2.91733922351542
,,,,,CANADA,,,,,043,043,04,2.8,4,0.0
NORTH AMERICA,,,,,UNITED STATES,,,,,043,043,04,2.8,4,-3.58126721763086
CANADA,,,,,,,,,,042,042,04,1.9,4,0.0
UNITED STATES,,,,,NORTH AMERICA,,,,,042,042,04,1.9,4,-3.58126721763086
MISSOURI,,,,,,,,,,071,071,07,7.4,3,-1.6973125884017
PAKISTAN,,,,,AFGHANISTAN,,,,,051,051,05,3.4,2,-3.4324942791762
UNITED STATES,,,,,,,,,,070,070,07,7.0,2,6.75438596491228
,,,,,UNITED STATES,,,,,042,042,04,1.9,2,6.75438596491228
PRESIDENT,,GOV,,,SETTLEMENT,,CVL,,,100,100,10,-5.0,10,-3.75360923965351
AUSTRALIA,,,,,,,,,,051,051,05,3.4,1,-2.9082774049217
AUSTRALIA,,,,,,,,,,051,051,05,3.4,1,-2.9082774049217
POLICE,,COP,,,AFRICANS,,,,,112,112,11,-2.0,10,-5.35714285714286
POPULATION,,CVL,,,,,,,,120,120,12,-4.0,10,-2.28050171037629
BUSINESS LEADER,,BUS,,,MICHIGAN,,,,,071,071,07,7.4,9,3.42577487765089
PRESIDENT,,GOV,,,SETTLEMENT,,CVL,,,100,100,10,-5.0,10,-0.23889154323937
UNITED STATES,,LEG,,,,,,,,083,083,08,5.0,2,-0.2486016159105
UNITED STATES,,,,,,,,,,194,194,19,-10.0,6,-8.33333333333334
BUSINESS LEADER,,BUS,,,,,,,,020,020,02,3.0,9,3.42577487765089
UNITED STATES,,,,,,,,,,043,043,04,2.8,2,6.75438596491228
SETTLEMENT,,CVL,,,ISRAEL,,,,,141,141,14,-6.5,5,-7.96915167095116
PAKISTAN,,,,,AFGHAN,,,,,051,051,05,3.4,6,-3.4324942791762
LAWMAKER,,LEG,,,KING,,GOV,,,083,083,08,5.0,6,-0.2486016159105
LAWMAKER,,LEG,,,UNITED STATES,,GOV,,,083,083,08,5.0,2,-0.2486016159105
COMMUNITY,,CVL,EDU,,UNITED STATES,,,,,173,173,17,-5.0,2,0.239234449760766
NEW JERSEY,,,,,,,,,,193,193,19,-10.0,10,-3.02066772655008
COMPANY,,BUS,,,POLISH,,,,,051,051,05,3.4,8,2.63157894736842
INTELLIGENCE,,SPY,,,GOVERNMENT,,GOV,,,110,110,11,-2.0,10,-4.53333333333333
IRANIAN,,,,,,,,,,192,192,19,-9.5,10,-2.35294117647059
THE NETHERLAND,,,,,,,,,,020,020,02,3.0,5,-2.3066485753053
MOZAMBIQUE,,,,,PEASANT,,CVL,,,111,111,11,-2.0,10,-7.47663551401869
UNHCR,UNO,IGO,REF,,AFGHAN,,REF,,,043,043,04,2.8,4,-11.2328767123288
FLORIDA,,,,,,,,,,084,084,08,7.0,20,-4.77650245954231
LEBANON,,,,,MILITANT,,UAF,MED,,173,173,17,-5.0,10,-10.379241516966
MOZAMBIQUE,,,,,PEASANT,,CVL,,,042,042,04,1.9,10,-7.47663551401869
COMMUNITY,,CVL,EDU,,UNITED STATES,,,,,173,173,17,-5.0,6,0.239234449760766
,,,,,BUSINESS,,BUS,,,043,043,04,2.8,10,2.71186440677966
ALASKA,,,,,HAWAIIAN,,,,,192,192,19,-9.5,4,-0.500834724540898
BUSINESS,,BUS,,,,,,,,042,042,04,1.9,20,1.87755102040816
FLORIDA,,,,,,,,,,120,120,12,-4.0,10,-6.73076923076923
BUSINESS,,BUS,,,,,,,,042,042,04,1.9,10,2.71186440677966
FLORIDA,,,,,,,,,,120,120,12,-4.0,10,-4.49438202247191
UNHCR,UNO,IGO,REF,,AFGHAN,,,,,043,043,04,2.8,2,-11.2328767123288
ORLANDO,,,,,,,,,,120,120,12,-4.0,20,-6.08741681790684
INDUSTRY,,BUS,,,NEW YORK,,,,,030,030,03,4.0,3,-0.4739336492891
AFGHAN,,,,,UNHCR,UNO,IGO,REF,,042,042,04,1.9,2,-11.2328767123288
SCHOOL,,EDU,,,,,,,,017,017,01,0.0,10,1.47247119078105
GOVERNMENT,,GOV,,,INTELLIGENCE,,SPY,,,040,040,04,1.0,10,-4.53333333333333
UNHCR,UNO,IGO,REF,,AFGHAN,,,,,043,043,04,2.8,2,-11.2328767123288
COMPANIES,,BUS,,,,,,,,010,010,01,0.0,5,3.38983050847458
ASSOCIATED PRESS,,MED,,,UNITED STATES,,,,,120,120,12,-4.0,3,-6.30630630630631
COMMUNITY,,CVL,EDU,,NEW JERSEY,,EDU,,,173,173,17,-5.0,2,0.239234449760766
AFGHAN,,REF,,,UNHCR,UNO,IGO,REF,,042,042,04,1.9,4,-11.2328767123288
AFGHANISTAN,,REF,,,UNHCR,UNO,IGO,REF,,042,042,04,1.9,2,-11.2328767123288
ORLANDO,,,,,,,,,,084,084,08,7.0,10,-4.49438202247191
PEASANT,,CVL,,,MOZAMBIQUE,,,,,043,043,04,2.8,10,-7.47663551401869
,,,,,BUSINESS,,BUS,,,043,043,04,2.8,20,1.87755102040816
TAIWAN,,,,,,,,,,1721,172,17,-5.0,10,-7.48299319727891
COMMUNITY,,CVL,EDU,,MASSACHUSETTS,,,,,173,173,17,-5.0,8,0.239234449760766
,,,,,UNITED STATES,,,,,190,190,19,-10.0,12,-4.94139430309643
COMPANIES,,BUS,,,,,,,,020,020,02,3.0,5,3.38983050847458
INTELLIGENCE,,SPY,,,GOVERNMENT,,GOV,,,040,040,04,1.0,10,-4.53333333333333
UNHCR,UNO,IGO,REF,,AFGHANISTAN,,REF,,,043,043,04,2.8,2,-11.2328767123288
UNITED STATES,,,,,SCHOOL,,EDU,,,190,190,19,-10.0,6,-4.94139430309643
,,,,,UNITED STATES,,,,,192,192,19,-9.5,4,-0.500834724540898
IRANIAN,,,,,,,,,,090,090,09,-2.0,10,-2.35294117647059
FLORIDA,,,,,,,,,,120,120,12,-4.0,28,-6.2302299152266
COMMUNITY,,CVL,EDU,,NEW JERSEY,,EDU,,,173,173,17,-5.0,14,0.239234449760766
AFGHAN,,,,,UNHCR,UNO,IGO,REF,,042,042,04,1.9,2,-11.2328767123288
,,,,,SCHOOL,,EDU,,,190,190,19,-10.0,6,-4.94139430309643
ORLANDO,,,,,,,,,,120,120,12,-4.0,6,-5.58036297166732
FLORIDA,,,,,,,,,,120,120,12,-4.0,32,-6.27485900813903
ASSOCIATED PRESS,,MED,,,FLORIDA,,,,,120,120,12,-4.0,2,-6.30630630630631
ORLANDO,,,,,,,,,,120,120,12,-4.0,4,-6.42201834862385
LEBANON,,,,,MILITANT,,UAF,MED,,173,173,17,-5.0,1,-10.5263157894737
,,,,,COMMUNITY,,CVL,,,090,090,09,-2.0,10,1.45695364238411
TAIWAN,,,,,,,,,,1721,172,17,-5.0,10,-4.08163265306123
ORLANDO,,,,,,,,,,120,120,12,-4.0,4,-4.09836065573771
IRAQ,,MIL,,,IRAQ,,,,,173,173,17,-5.0,10,-15.6756756756757
LEBANON,,,,,MILITANT,,UAF,MED,,173,173,17,-5.0,2,-15.6756756756757
COMMUNITY,,CVL,EDU,,UNITED STATES,,,,,173,173,17,-5.0,3,0.223713646532438
LEBANON,,,,,WEBSITE,,MED,,,173,173,17,-5.0,8,-5.39130434782609
INTELLIGENCE,,SPY,,,GOVERNMENT,,GOV,,,040,040,04,1.0,4,-3.74331550802139
BLOG,,MED,,,,,,,,051,051,05,3.4,8,-4.09556313993174
SAN DIEGO,,,,,ATTORNEY,,JUD,,,012,012,01,-0.4,7,-1.14364135407136
LEBANON,,,,,MILITANT,,UAF,MED,,173,173,17,-5.0,10,-11.2781954887218
MIGRANT,,CVL,,,GREECE,,,,,190,190,19,-10.0,30,-7.86026200873363
ORLANDO,,,,,,,,,,120,120,12,-4.0,4,-6.54205607476635
LONDON,,,,,REUTERS,,MED,,,042,042,04,1.9,8,1.65876777251185
LONDON,,,,,,,,,,042,042,04,1.9,22,1.48753300412068
SAN DIEGO,,,,,UNITED STATES,,JUD,,,012,012,01,-0.4,1,-1.14364135407136
UNITED STATES,,,,,BLOG,,MED,,,051,051,05,3.4,2,-4.09556313993174
MOSCOW,,,,,UKRAINE,,,,,162,162,16,-5.6,2,-2.24719101123596
COMPANY,,BUS,,,,,,,,010,010,01,0.0,5,2.34986945169713
GOVERNMENT,,GOV,,,INTELLIGENCE,,SPY,,,040,040,04,1.0,10,-5.40983606557378
LEBANON,,,,,MILITANT,,UAF,MED,,173,173,17,-5.0,6,-10.5263157894737
STUDENT,,EDU,,,,,,,,111,111,11,-2.0,6,-1.55038759689922
ORLANDO,,,,,,,,,,120,120,12,-4.0,6,-6.54205607476635
INTELLIGENCE,,SPY,,,GOVERNMENT,,GOV,,,110,110,11,-2.0,10,-3.74331550802139
SAN DIEGO,,,,,,,,,,012,012,01,-0.4,8,-1.14364135407136
ORLANDO,,,,,,,,,,120,120,12,-4.0,10,-4.20819490586932
LEBANON,,,,,MILITANT,,UAF,MED,,173,173,17,-5.0,8,-15.6756756756757
STUDENT,,EDU,,,,,,,,111,111,11,-2.0,4,-1.55038759689922
LEBANON,,,,,WEBSITE,,MED,,,173,173,17,-5.0,2,-5.39130434782609
GREENPEACE,,NGO,ENV,,COMPANY,,BUS,,,071,071,07,7.4,10,-2.01005025125628
ORLANDO,,,,,,,,,,120,120,12,-4.0,20,-3.90143737166325
,,,,,LONDON,,,,,043,043,04,2.8,22,1.48753300412068
INTELLIGENCE,,SPY,,,GOVERNMENT,,GOV,,,040,040,04,1.0,6,-5.40983606557378
MILITARY FORCE,,MIL,,,,,,,,072,072,07,8.3,10,-4.95391705069125
FLORIDA,,,,,,,,,,120,120,12,-4.0,10,-3.21543408360128
COMMUNITY,,CVL,EDU,,MASSACHUSETTS,,,,,173,173,17,-5.0,12,0.223713646532438
REUTERS,,MED,,,LONDON,,,,,043,043,04,2.8,8,1.65876777251185
INTELLIGENCE,,SPY,,,GOVERNMENT,,GOV,,,110,110,11,-2.0,10,-5.40983606557378
COMMUNITY,,CVL,EDU,,UNITED STATES,,,,,173,173,17,-5.0,9,0.223713646532438
LEBANON,,,,,MILITANT,,UAF,MED,,173,173,17,-5.0,3,-10.5263157894737
COMMUNITY,,CVL,EDU,,NEW JERSEY,,EDU,,,173,173,17,-5.0,24,0.223713646532438
,,,,,TROOPER,,COP,,,173,173,17,-5.0,10,-9.67741935483871
,,,,,STUDENT,,EDU,,,043,043,04,2.8,10,2.22222222222222
INTELLIGENCE,,SPY,,,GOVERNMENT,,GOV,,,040,040,04,1.0,4,-5.40983606557378
ORLANDO,,,,,,,,,,084,084,08,7.0,10,-4.20819490586932
STUDENT,,EDU,,,,,,,,042,042,04,1.9,10,2.22222222222222
ORLANDO,,,,,,,,,,120,120,12,-4.0,4,-7.21649484536083
HOSPITAL,,HLH,,,,,,,,120,120,12,-4.0,5,-2.51677852348993
GOVERNMENT,,GOV,,,INTELLIGENCE,,SPY,,,040,040,04,1.0,10,-3.74331550802139
FLORIDA,,,,,,,,,,084,084,08,7.0,10,-3.21543408360128
,,,,,LONDON,,,,,043,043,04,2.8,10,1.7283950617284
HOSPITAL,,HLH,,,,,,,,120,120,12,-4.0,8,-2.61492226962001
RUSSIA,,,,,KIEV,,,,,112,112,11,-2.0,2,-5.11182108626198
RUSSIA,,,,,KYIV,,,,,112,112,11,-2.0,1,-6.86653771760155
MISSOURI,,,,,UNITED STATES,,BUS,,,010,010,01,0.0,4,0.92165898617512
TOP EXECUTIVE,,BUS,,,,,,,,192,192,19,-9.5,8,5.04704875962361
RESIDENTS,,CVL,,,,,,,,012,012,01,-0.4,10,0.60679611650485
GOVERNMENT,,GOV,,,,,,,,114,114,11,-2.0,5,-6.17760617760618
FIDELITY NATIONAL FINANCIAL,,MNC,ELI,,COMMUNITY,,CVL,,,050,050,05,3.5,1,3.239289446186
MISSOURI,,BUS,,,MISSOURI,,,,,010,010,01,0.0,6,0.92165898617512
COMMUNITY,,CVL,EDU,,UNITED STATES,,,,,173,173,17,-5.0,3,0.223713646532438
UNITED STATES,,,,,COSTA RICA,,,,,051,051,05,3.4,5,3.18021201413427
PRESIDENT,,GOV,,,,,,,,026,026,02,4.0,10,0.13698630136986
UNITED STATES,,,,,COSTA RICA,,,,,051,051,05,3.4,5,3.18021201413427
UNITED STATES,,BUS,,,KANSAS,,,,,090,090,09,-2.0,4,0.9700176366843
,,,,,UNITED STATES,,,,,173,173,17,-5.0,14,-3.64464692482916
COMPANY,,BUS,,,,,,,,070,070,07,7.0,10,-2.19298245614035
RUSSIA,,,,,KIEV,,,,,112,112,11,-2.0,2,-5.11182108626198
COMMUNITY,,CVL,EDU,,NEW JERSEY,,EDU,,,173,173,17,-5.0,8,0.223713646532438
NEW JERSEY,,,,,,,,,,193,193,19,-10.0,10,-0.30674846625767
GOVERNMENT,,GOV,,,INSURGENT MOVEMENT,,REB,,,051,051,05,3.4,8,-1.75438596491228
SAN ANTONIO,,,,,,,,,,070,070,07,7.0,5,3.125
FIDELITY NATIONAL FINANCIAL,,MNC,ELI,,UNITED STATES,,,,,050,050,05,3.5,6,3.239289446186
SAN ANTONIO,,,,,INDUSTRY,,BUS,,,070,070,07,7.0,5,3.125
PRESIDENT,,GOV,,,,,,,,036,036,03,4.0,10,0.13698630136986
COMMUNITY,,CVL,EDU,,MASSACHUSETTS,,,,,173,173,17,-5.0,4,0.223713646532438
COMMUNITY,,CVL,EDU,,UNITED STATES,,,,,173,173,17,-5.0,1,0.223713646532438
,,,,,FIDELITY NATIONAL FINANCIAL,,MNC,ELI,,050,050,05,3.5,3,3.239289446186
TOP EXECUTIVE,,BUS,,,,,,,,192,192,19,-9.5,2,5.04704875962361
COMMUNITY,,CVL,,,FIDELITY NATIONAL FINANCIAL,,MNC,ELI,,050,050,05,3.5,1,3.239289446186
FIDELITY NATIONAL FINANCIAL,,MNC,ELI,,,,,,,050,050,05,3.5,3,3.239289446186
LEBANON,,,,,MILITANT,,UAF,MED,,173,173,17,-5.0,10,-10.0478468899522
INDUSTRY,,BUS,,,,,,,,141,141,14,-6.5,10,1.33206470028544
UNITED STATES,,,,,,,,,,010,010,01,0.0,4,-2.868068833652
EXXON,,MNC,,,COMPANY,,BUS,,,070,070,07,7.0,6,-2.19298245614035
FEDERAL COURT,,JUD,,,VERMONT,,,,,182,182,18,-9.5,3,-4.23228346456693
AFGHANISTAN,,,,,GOVERNMENT,,GOV,,,100,100,10,-5.0,2,4.89073881373569
RUSSIA,,,,,KYIV,,,,,112,112,11,-2.0,4,-6.86653771760155
RUSSIA,,,,,KIEV,,,,,112,112,11,-2.0,6,-5.11182108626198
UNITED STATES,,,,,FIDELITY NATIONAL FINANCIAL,,MNC,ELI,,050,050,05,3.5,6,3.239289446186
LONDON,,,,,,,,,,042,042,04,1.9,10,1.7283950617284
,,,,,PRESIDENT,,GOV,,,036,036,03,4.0,10,0.13698630136986
HOSPITAL,,HLH,,,,,,,,120,120,12,-4.0,1,-2.97951582867784
GOVERNMENT,,GOV,,,THE US,,GOV,,,120,120,12,-4.0,10,-0.85653104925053
GERMANY,,,,,KAZAKHSTAN,,,,,051,051,05,3.4,10,1.24333925399645
HOSPITAL,,HLH,,,,,,,,120,120,12,-4.0,1,-2.97951582867784
,,,,,KANSAS,,BUS,,,090,090,09,-2.0,6,0.9700176366843
COMMUNITY,,CVL,,,,,,,,051,051,05,3.4,10,3.64963503649635
GOVERNANCE,,GOV,,,,,,,,100,100,10,-5.0,10,-1.32827324478179
UNITED STATES,,,,,,,,,,090,090,09,-2.0,2,-3.49243306169965
UNITED STATES,,,,,,,,,,010,010,01,0.0,2,-0.35769034236075
RUSSIA,,,,,UKRAINE,,,,,130,130,13,-4.4,10,-8.60215053763441
UNITED STATES,,,,,,,,,,090,090,09,-2.0,6,-3.49243306169965
UNITED STATES,,,,,INSURGENT MOVEMENT,,REB,,,051,051,05,3.4,6,-0.12836970474968
RUSSIA,,,,,UKRAINE,,,,,162,162,16,-5.6,10,-8.60215053763441
COMMUNITY,,CVL,EDU,,MASSACHUSETTS,,,,,173,173,17,-5.0,4,0.223713646532438
STUDENT,,EDU,,,,,,,,042,042,04,1.9,10,-4.81927710843373
STUDENT,,EDU,,,,,,,,016,016,01,-2.0,10,-4.81927710843373
,,,,,UNITED STATES,,,,,173,173,17,-5.0,7,-3.64464692482916
CANADA,,,,,,,,,,012,012,01,-0.4,20,-5.13419602204649
,,,,,STUDENT,,EDU,,,043,043,04,2.8,10,-4.81927710843373
RUSSIA,,,,,KIEV,,,,,112,112,11,-2.0,8,-4.17310664605874
PRIME MINISTER,,GOV,,,,,,,,036,036,03,4.0,3,-2.92397660818714
EL SALVADOR,,,,,,,,,,180,180,18,-9.0,8,-5.93325092707045
BISHOP,,,,,,,,,,051,051,05,3.4,5,0.0
RUSSIA,,,,,UKRAINE,,,,,130,130,13,-4.4,90,-4.46305345878412
GOVERNANCE,,GOV,,,,,,,,040,040,04,1.0,10,-1.32827324478179
UNITED KINGDOM,,,,,,,,,,020,020,02,3.0,1,0.0
OSLO,,,,,REUTERS,,MED,,,070,070,07,7.0,24,-2.31663697065884
FEDERAL COURT,,JUD,,,VERMONT,,,,,182,182,18,-9.5,10,-4.98374864572048
COMMUNITY,,CVL,EDU,,UNITED STATES,,,,,173,173,17,-5.0,3,0.223713646532438
PHILADELPHIA,,,,,,,,,,042,042,04,1.9,10,-2.40963855421687
COMMUNITY,,CVL,EDU,,UNITED STATES,,,,,173,173,17,-5.0,1,0.223713646532438
RUSSIA,,,,,KIEV,,,,,112,112,11,-2.0,2,-4.17310664605874
FRANCE,,,,,,,,,,070,070,07,7.0,8,-2.6246719160105
SAN ANTONIO,,,,,,,,,,070,070,07,7.0,5,2.85714285714286
,,,,,PHILADELPHIA,,,,,043,043,04,2.8,10,-2.40963855421687
RUSSIA,,,,,KYIV,,,,,112,112,11,-2.0,4,-6.66666666666666
GERMANY,,,,,KAZAKHSTAN,,,,,051,051,05,3.4,8,-0.16103059581321
GERMANY,,,,,KAZAKHSTAN,,,,,051,051,05,3.4,2,-0.16103059581321
,,,,,INSURGENT MOVEMENT,,REB,,,051,051,05,3.4,2,-0.12836970474968
UNITED STATES,,,,,,,,,,110,110,11,-2.0,4,2.30547550432276
IRAQ,,,,,PRIME MINISTER,,GOV,,,036,036,03,4.0,2,-2.92397660818714
UNITED KINGDOM,,,,,BISHOP,,,,,051,051,05,3.4,2,0.0
RUSSIA,,,,,KYIV,,,,,112,112,11,-2.0,1,-6.66666666666666
SAN ANTONIO,,,,,INDUSTRY,,BUS,,,070,070,07,7.0,5,2.85714285714286
UNITED STATES,,,,,,,,,,010,010,01,0.0,2,-0.35769034236075
EL SALVADOR,,,,,,,,,,180,180,18,-9.0,2,-5.93325092707045
OSLO,,,,,FRANCE,,,,,070,070,07,7.0,16,-2.31663697065884
UNITED KINGDOM,,,,,,,,,,020,020,02,3.0,1,0.0
COMMUNITY,,CVL,EDU,,NEW JERSEY,,EDU,,,173,173,17,-5.0,8,0.223713646532438
RUSSIA,,,,,UKRAINE,,,,,162,162,16,-5.6,90,-4.46305345878412
,,,,,UNITED STATES,,,,,040,040,04,1.0,4,2.30547550432276
UNITED STATES,,,,,,,,,,084,084,08,7.0,2,-2.90697674418605
UNITED STATES,,,,,,,,,,040,040,04,1.0,4,2.30547550432276
CANADA,,,,,,,,,,125,125,12,-5.0,10,-3.33333333333334
CANADA,,,,,,,,,,120,120,12,-4.0,10,-3.33333333333334
CHOUMMALY SAYASONE,,ELI,,,PHNOM PENH,,,,,042,042,04,1.9,6,5.47945205479452
CAMPANIA,,,,,,,,,,060,060,06,6.0,10,-0.83036773428232
POLITICIAN,,,,,PRESIDENT,,GOV,,,051,051,05,3.4,3,1.2965964343598
INTERPOL,ITP,IGO,COP,,EUROPE,,,,,110,110,11,-2.0,6,-6.18238021638331
RUSSIA,,,,,UKRAINE,,,,,130,130,13,-4.4,10,-4.60333006856024
,,,,,COMPANY,,BUS,,,040,040,04,1.0,10,-2.69461077844312
,,,,,VILLAGE,,CVL,,,100,100,10,-5.0,10,-2.09205020920502
GREENPEACE,,NGO,ENV,,,,,,,111,111,11,-2.0,10,2.99442896935933
UNITED STATES,,,,,INSURGENT MOVEMENT,,REB,,,051,051,05,3.4,1,-1.81818181818182
REUTERS,,MED,,,COMPANIES,,BUS,,,110,110,11,-2.0,10,-0.93457943925233
SYRIAN,,,,,FIGHTER,,UAF,MIL,,173,173,17,-5.0,4,-13.4246575342465
CHOUMMALY SAYASONE,,ELI,,,CAMBODIA,,,,,042,042,04,1.9,4,5.47945205479452
COMPANY,,BUS,,,,,,,,040,040,04,1.0,10,-2.69461077844312
RUSSIA,,,,,UKRAINE,,,,,162,162,16,-5.6,12,-4.24182353358781
FELON,,CRM,,,PRISON,,COP,,,173,173,17,-5.0,20,-13.304539295393
UNITED STATES,,,,,LANDOWNER,,CVL,,,051,051,05,3.4,6,2.61865793780687
,,,,,ARIZONA,,,,,043,043,04,2.8,7,1.12866817155756
UNITED KINGDOM,,,,,EUROPE,,,,,110,110,11,-2.0,2,-6.18238021638331
UNITED STATES,,,,,,,,,,071,071,07,7.4,2,-4.3598233995585
PHNOM PENH,,,,,CHOUMMALY SAYASONE,,ELI,,,043,043,04,2.8,10,5.47945205479452
THE UN,UNO,IGO,,,UNICEF,UNO,IGO,,,071,071,07,7.4,5,-5.1413881748072
UNITED STATES,,,,,,,,,,084,084,08,7.0,2,-3.2719836400818
SYRIAN,,MIL,,,FIGHTER,,UAF,MIL,,173,173,17,-5.0,6,-13.4246575342465
RUSSIA,,,,,UKRAINE,,,,,162,162,16,-5.6,36,-4.24182353358781
FRANCE,,,,,,,,,,070,070,07,7.0,4,-2.24438902743142
RUSSIA,,,,,UKRAINE,,,,,162,162,16,-5.6,10,-4.60333006856024
CANADA,,,,,,,,,,040,040,04,1.0,10,-3.33333333333334
UNITED STATES,,,,,,,,,,070,070,07,7.0,3,-1.6289592760181
UNITED KINGDOM,,,,,EUROPE,,,,,110,110,11,-2.0,2,-6.18238021638331
TEXAS,,CVL,,,,,,,,120,120,12,-4.0,5,1.27795527156549
RUSSIA,,,,,UKRAINE,,,,,162,162,16,-5.6,12,-4.24182353358781
FELON,,CRM,,,PRISON,,COP,,,173,173,17,-5.0,4,-14.5833333333333
,,,,,ARIZONA,,,,,043,043,04,2.8,1,1.12866817155756
UNITED STATES,,,,,LANDOWNER,,CVL,,,051,051,05,3.4,2,2.61865793780687
UNITED STATES,,,,,INSURGENT MOVEMENT,,REB,,,051,051,05,3.4,5,-1.81818181818182
NATIONAL COUNCIL,,LEG,,,UNITED STATES,,,,,1124,112,11,-2.0,2,-6.06936416184972
ARIZONA,,,,,,,,,,042,042,04,1.9,8,1.12866817155756
GREENPEACE,,NGO,ENV,,,,,,,080,080,08,5.0,5,2.99442896935933
,,,,,UNITED STATES,,,,,051,051,05,3.4,6,8.33333333333333
,,,,,CANADA,,,,,040,040,04,1.0,10,-3.33333333333334
UNITED STATES,,,,,,,,,,071,071,07,7.4,2,-4.3598233995585
GOVERNMENT,,GOV,,,,,,,,010,010,01,0.0,10,-4.04624277456647
POLITICIAN,,,,,PRESIDENT,,GOV,,,051,051,05,3.4,2,1.2965964343598
TEXAS,,,,,UNITED STATES,,CVL,,,120,120,12,-4.0,2,1.27795527156549
,,,,,INSURGENT MOVEMENT,,REB,,,051,051,05,3.4,2,-1.81818181818182
SCIENTIST,,CVL,,,,,,,,010,010,01,0.0,10,-2.46305418719212
CITIZEN,,CVL,,,,,,,,051,051,05,3.4,10,2.36768802228413
POLITICIAN,,,,,UNITED STATES,,,,,051,051,05,3.4,2,1.2965964343598
LANDOWNER,,CVL,,,,,,,,051,051,05,3.4,2,2.61865793780687
HOSPITAL,,HLH,,,,,,,,071,071,07,7.4,5,-4.67980295566502
MILITARY,,MIL,,,,,,,,141,141,14,-6.5,10,-3.82916053019146
AMERICAN,,,,,,,,,,071,071,07,7.4,8,-0.23068050749712
,,,,,EUROPEAN,,,,,036,036,03,4.0,5,-3.89972144846797
CANADA,,,,,,,,,,040,040,04,1.0,10,-4.93537015276145
,,,,,UNITED KINGDOM,,,,,100,100,10,-5.0,2,-1.194743130227
,,,,,CANADA,,,,,040,040,04,1.0,10,-4.93537015276145
AMERICAN,,,,,UNITED STATES,,,,,112,112,11,-2.0,1,-0.46948356807512
EUROPEAN,,,,,,,,,,036,036,03,4.0,5,-3.89972144846797
CANADA,,,,,,,,,,120,120,12,-4.0,10,-4.93537015276145
CANADA,,,,,,,,,,125,125,12,-5.0,10,-4.93537015276145
UNITED STATES,,,,,RABBI,,,,,112,112,11,-2.0,1,-0.46948356807512
,,,,,CHINA,,,,,020,020,02,3.0,5,-3.48101265822785
CANADA,,,,,,,,,,125,125,12,-5.0,10,-4.93537015276145
AUSTRALIA,,,,,,,,,,051,051,05,3.4,1,-2.96610169491526
IMMIGRANT,,CVL,,,UNITED KINGDOM,,,,,042,042,04,1.9,10,-2.97872340425532
CANADA,,,,,,,,,,120,120,12,-4.0,10,-4.93537015276145
RUSSIA,,,,,KYIV,,,,,112,112,11,-2.0,4,-4.41176470588236
,,,,,RUSSIAN,,,,,040,040,04,1.0,10,-1.52439024390244
UNITED KINGDOM,,,,,IMMIGRANT,,CVL,,,043,043,04,2.8,10,-2.97872340425532
RUSSIA,,,,,UKRAINE,,,,,162,162,16,-5.6,10,-4.41176470588236
,,,,,CANADA,,,,,040,040,04,1.0,10,-4.93537015276145
AUSTRALIA,,,,,,,,,,051,051,05,3.4,1,-2.96610169491526
,,,,,ATHEIST,,,,,090,090,09,-2.0,1,-6.68752444270629
EUROPE,,,,,ESTONIA,,,,,190,190,19,-10.0,3,-5.66037735849057
RUSSIA,,,,,KYIV,,,,,112,112,11,-2.0,4,-4.41176470588236
RUSSIA,,,,,UKRAINE,,,,,130,130,13,-4.4,10,-4.58612975391499
AL QAEDA,ALQ,IMG,,,SAUDI,,COP,,,130,130,13,-4.4,5,-5.97713097713098
DEUTSCHE,,,,,CARRIER,,MIL,,,010,010,01,0.0,6,1.18343195266272
AL QAEDA,ALQ,IMG,,,SAUDI,,COP,,,130,130,13,-4.4,5,-5.97713097713098
,,,,,ATHEIST,,,,,090,090,09,-2.0,1,-6.68752444270629
GERMANY,,,,,CARRIER,,MIL,,,010,010,01,0.0,4,1.18343195266272
CONGRESS,,LEG,,,,,,,,020,020,02,3.0,2,0.311618934560021
CANADA,,,,,,,,,,040,040,04,1.0,10,-4.93537015276145
EUROPE,,,,,ESTONIA,,,,,110,110,11,-2.0,3,-5.66037735849057
EUROPE,,,,,CIVIL SOCIETY,,CVL,,,051,051,05,3.4,3,-5.66037735849057
CONGRESS,,LEG,,,,,,,,020,020,02,3.0,8,0.311618934560021
RUSSIA,,,,,UKRAINE,,,,,162,162,16,-5.6,10,-4.58612975391499
RUSSIAN,,,,,,,,,,040,040,04,1.0,10,-1.52439024390244
UNITED STATES,,,,,,,,,,010,010,01,0.0,2,1.1520737327189
RUSSIAN,,,,,,,,,,141,141,14,-6.5,10,-1.52439024390244
RUSSIA,,,,,UKRAINE,,,,,112,112,11,-2.0,2,-4.41176470588236
TOP EXECUTIVE,,BUS,,,,,,,,192,192,19,-9.5,10,5.23917995444192
BUSINESS,,BUS,,,,,,,,042,042,04,1.9,5,-1.57894736842105
COMPANY,,BUS,,,GREENPEACE,,NGO,ENV,,071,071,07,7.4,5,-2.39425379090184
XINJIANG,,,,,,,,,,017,017,01,0.0,2,0.51282051282051
,,,,,PARIS,,,,,042,042,04,1.9,10,-0.938967136150235
ADVOCATE,,JUD,,,GOVERNMENT,,GOV,,,045,045,04,5.0,10,4.23940149625935
PARIS,,,,,,,,,,043,043,04,2.8,10,-0.938967136150235
PRESIDENT,,GOV,,,RWANDA,,,,,130,130,13,-4.4,5,-2.73348519362187
CHINA,,,,,AFRICA,,,,,020,020,02,3.0,5,-3.4108527131783
SOUTH AUSTRALIA,,,,,,,,,,190,190,19,-10.0,15,-0.98684210526316
KOLKATA,,,,,,,,,,111,111,11,-2.0,10,1.05769230769231
ZIMBABWE,,,,,SADC,SAD,IGO,,,020,020,02,3.0,4,0.448430493273543
ISRAELI,,,,,,,,,,010,010,01,0.0,8,-0.93109869646182
JUDGE,,JUD,,,NEBRASKA,,,,,172,172,17,-5.0,10,1.71149144254278
CHINA,,,,,,,,,,017,017,01,0.0,2,0.50505050505051
AL QAEDA,ALQ,IMG,,,SAUDI,,COP,,,130,130,13,-4.4,5,-6.0072501294666
ISRAELI,,,,,,,,,,010,010,01,0.0,2,-0.93109869646182
FLORIDA,,,,,,,,,,084,084,08,7.0,10,-5.74712643678161
BRAZIL,,,,,POLICE,,COP,,,012,012,01,-0.4,8,-1.53330138955438
RUSSIA,,,,,UKRAINE,,,,,162,162,16,-5.6,10,-4.22680412371134
UNITED STATES,,,,,USAID,,GOV,DEV,,111,111,11,-2.0,4,0.44313146233383
UNITED KINGDOM,,,,,IMMIGRANT,,CVL,,,043,043,04,2.8,10,-3.59281437125749
NON GOVERNMENTAL ORGANIZATION,,NGO,,,GOVERNMENT,,GOV,,,045,045,04,5.0,10,1.73410404624278
UNITED STATES,,,,,USAID,,GOV,DEV,,111,111,11,-2.0,1,0.44313146233383
POLICE,,COP,,,LAWYER,,JUD,,,020,020,02,3.0,10,-4.99537465309898
,,,,,BUSINESS,,BUS,,,043,043,04,2.8,5,-1.57894736842105
GOVERNMENT,,GOV,,,,,,,,071,071,07,7.4,10,0.448430493273539
MEDIA,,MED,,,,,,,,040,040,04,1.0,10,2.53968253968254
XINJIANG,,,,,,,,,,017,017,01,0.0,6,0.50505050505051
MANITOBA,,,,,,,,,,012,012,01,-0.4,10,-0.7377979568672
XINJIANG,,,,,CHINA,,,,,017,017,01,0.0,2,0.51282051282051
XINJIANG,,,,,,,,,,017,017,01,0.0,2,0.50505050505051
XINJIANG,,,,,,,,,,017,017,01,0.0,6,0.51282051282051
AUTHORITIES,,GOV,,,BOSTON,,,,,190,190,19,-10.0,5,-0.89418777943368
AL QAEDA,ALQ,IMG,,,SAUDI,,COP,,,130,130,13,-4.4,10,-5.81761006289308
COMMUNITY,,CVL,,,INVESTOR,,BUS,,,010,010,01,0.0,10,3.67647058823529
RUSSIA,,,,,UKRAINE,,,,,130,130,13,-4.4,10,-4.22680412371134
COMPANY,,BUS,,,THE SOUTHERN COMPANY,,MNC,,,071,071,07,7.4,5,-2.39425379090184
BRAZIL,,,,,POLICE,,COP,,,012,012,01,-0.4,2,-1.53330138955438
ADVOCATE,,JUD,,,GOVERNMENT,,GOV,,,045,045,04,5.0,10,1.73410404624278
IMMIGRANT,,CVL,,,UNITED KINGDOM,,,,,042,042,04,1.9,10,-3.59281437125749
FLORIDA,,,,,,,,,,120,120,12,-4.0,10,-5.74712643678161
AL QAEDA,ALQ,IMG,,,SAUDI,,COP,,,130,130,13,-4.4,5,-6.0072501294666
INTELLIGENCE,,SPY,,,,,,,,015,015,01,0.0,2,-6.38297872340426
,,,,,ROMA,,CVL,,,180,180,18,-9.0,2,-11.8262268704746
,,,,,ACTIVIST,,OPP,,,180,180,18,-9.0,4,-11.8262268704746
IRANIAN,,,,,ISRAEL,,,,,013,013,01,0.4,3,-1.79948586118252
XINJIANG,,,,,,,,,,017,017,01,0.0,6,0.62111801242236
XINJIANG,,,,,CHINA,,,,,017,017,01,0.0,2,0.51282051282051
GOVERNMENT,,GOV,,,,,,,,120,120,12,-4.0,5,-2.74656679151061
AL QAIDA,ALQ,IMG,,,SAUDI,,COP,,,130,130,13,-4.4,5,-6.01703940362088
,,,,,TURKISH,,,,,180,180,18,-9.0,5,-11.8262268704746
NATIONAL SECURITY ADVISER,,GOV,MIL,,ISRAEL,,,,,173,173,17,-5.0,10,-0.76161462300076
BENIN,,,,,GHANA,,,,,061,061,06,6.4,10,2.69230769230769
,,,,,ROMA,,,,,180,180,18,-9.0,1,-11.8262268704746
BENIN,,,,,NIGERIA,,,,,061,061,06,6.4,2,2.69230769230769
LAWYER,,JUD,,,CHINA,,,,,020,020,02,3.0,10,0.0
NATIONAL SECURITY ADVISER,,GOV,MIL,,ISRAELI,,,,,090,090,09,-2.0,4,-0.76161462300076
AL QAIDA,ALQ,IMG,,,SAUDI,,COP,,,130,130,13,-4.4,5,-6.01703940362088
XINJIANG,,,,,,,,,,017,017,01,0.0,2,0.62111801242236
XINJIANG,,,,,,,,,,017,017,01,0.0,6,0.51282051282051
,,,,,OHIO,,,,,036,036,03,4.0,5,-2.4390243902439
CHINESE,,,,,,,,,,120,120,12,-4.0,10,-2.6578073089701
UNITED KINGDOM,,,,,CHRISTIAN,,,,,120,120,12,-4.0,10,1.85873605947956
NEW JERSEY,,,,,,,,,,193,193,19,-10.0,10,2.32558139534884
,,,,,ROMA,,,,,180,180,18,-9.0,1,-11.8262268704746
THE OPPOSITION,,OPP,,,ISRAEL,,,,,013,013,01,0.4,5,-1.79948586118252
NATIONAL SECURITY ADVISER,,GOV,MIL,,ISRAELI,,SPY,,,090,090,09,-2.0,6,-0.76161462300076
KOLKATA,,,,,,,,,,111,111,11,-2.0,7,1.02803738317757
,,,,,ITALY,,CVL,,,180,180,18,-9.0,1,-11.8262268704746
OHIO,,,,,,,,,,036,036,03,4.0,4,-2.4390243902439
INTELLIGENCE,,SPY,,,,,,,,015,015,01,0.0,2,-6.38297872340426
BENIN,,,,,NIGERIA,,,,,061,061,06,6.4,8,2.69230769230769
THE UN,UNO,IGO,,,UNICEF,UNO,IGO,,,071,071,07,7.4,5,-7.54039497307002
AFRICA,,,,,,,,,,040,040,04,1.0,4,-6.25
INTELLIGENCE,,SPY,,,,,,,,015,015,01,0.0,6,-6.38297872340426
SCIENTIST,,CVL,,,,,,,,090,090,09,-2.0,5,-5.32544378698225
INTELLIGENCE,,SPY,,,,,,,,015,015,01,0.0,10,-5.85106382978723
,,,,,ACTIVIST,,OPP,,,180,180,18,-9.0,1,-11.8262268704746
XINJIANG,,,,,,,,,,017,017,01,0.0,2,0.51282051282051
AL QAEDA,ALQ,IMG,,,SAUDI,,COP,,,130,130,13,-4.4,10,-5.94315245478036
,,,,,BUSINESS,,BUS,,,051,051,05,3.4,10,-0.51413881748072
CHINA,,,,,,,,,,017,017,01,0.0,2,0.62111801242236
OHIO,,,,,,,,,,036,036,03,4.0,1,-2.4390243902439
COMMUNITY,,CVL,,,UNITED STATES,,,,,090,090,09,-2.0,4,-0.17793594306049
CALIFORNIA,,,,,,,,,,061,061,06,6.4,8,3.86554621848739
,,,,,AFRICA,,,,,040,040,04,1.0,4,-6.25
UNITED STATES,,,,,BUSINESS,,BUS,,,013,013,01,0.4,2,0.92470277410832
EUROPE,,,,,CIVIL SOCIETY,,CVL,,,051,051,05,3.4,3,-9.40170940170944
THE OPPOSITION,,OPP,,,ISRAEL,,,,,013,013,01,0.4,1,-1.56521739130434
GERMANY,,,,,,,,,,084,084,08,7.0,1,-0.94250706880302
,,,,,RUSSIA,,,,,046,046,04,7.0,4,-1.09649122807017
AUSTRALIAN,,,,,BALI,,,,,173,173,17,-5.0,4,-2.31660231660232
AUSTRALIAN,,,,,INDONESIA,,,,,173,173,17,-5.0,1,-2.31660231660232
,,,,,AFRICA,,,,,090,090,09,-2.0,10,0.9339559706471
,,,,,INDONESIA,,,,,042,042,04,1.9,6,-7.17948717948718
INDONESIA,,,,,AUSTRALIA,,,,,043,043,04,2.8,1,-3.50453172205438
SAN ANTONIO,,,,,POPULATION,,CVL,,,036,036,03,4.0,23,1.49664228094527
AUSTRALIA,,,,,INDONESIA,,,,,173,173,17,-5.0,1,-2.31660231660232
ISRAELI,,,,,ISRAEL,,GOV,,,010,010,01,0.0,2,-2.1133525456292
AUSTRALIA,,,,,INDONESIA,,,,,042,042,04,1.9,1,-3.49397590361445
AUSTRALIAN,,,,,BALI,,,,,173,173,17,-5.0,8,-1.02040816326531
AUSTRALIAN,,,,,INDONESIA,,,,,173,173,17,-5.0,6,-4.29447852760736
CITIZEN,,CVL,,,,,,,,052,052,05,3.5,10,-2.4
GREEK,,GOV,,,GREEK,,,,,112,112,11,-2.0,6,-2.27272727272727
SAN ANTONIO,,,,,POPULATION,,CVL,,,036,036,03,4.0,2,1.22282608695652
INDONESIA,,,,,AUSTRALIA,,,,,043,043,04,2.8,1,-3.49397590361445
INDONESIA,,,,,NIGERIA,,,,,172,172,17,-5.0,2,-4.89130434782608
IRANIAN,,,,,ISRAEL,,,,,013,013,01,0.4,3,-1.56521739130434
AUSTRALIA,,,,,,,,,,051,051,05,3.4,4,6.93069306930693
INDONESIA,,,,,AUSTRALIA,,,,,043,043,04,2.8,1,-3.49397590361445
CHINESE,,,,,,,,,,120,120,12,-4.0,10,-2.1978021978022
ISRAELI,,GOV,,,,,,,,010,010,01,0.0,6,-2.1133525456292
INDONESIA,,,,,NIGERIA,,,,,172,172,17,-5.0,2,-4.89130434782608
,,,,,UNITED STATES,,,,,043,043,04,2.8,4,7.4410163339383
,,,,,INDONESIA,,,,,173,173,17,-5.0,6,-2.02898550724638
AUSTRALIA,,,,,INDONESIA,,,,,173,173,17,-5.0,2,-1.02040816326531
AUSTRALIA,,,,,INDONESIA,,,,,042,042,04,1.9,2,-3.1927023945268
,,,,,INDONESIA,,,,,042,042,04,1.9,4,-3.85487528344672
,,,,,BALI,,,,,173,173,17,-5.0,6,-3.85487528344672
COLLEGE,,EDU,,,,,,,,015,015,01,0.0,5,1.27591706539075
AUSTRALIA,,,,,INDONESIA,,,,,042,042,04,1.9,1,-3.50453172205438
INDONESIA,,,,,AUSTRALIA,,,,,043,043,04,2.8,2,-3.1927023945268
,,,,,BALI,,,,,042,042,04,1.9,7,-2.02898550724638
INDONESIA,,,,,,,,,,043,043,04,2.8,6,-2.02898550724638
BALI,,,,,,,,,,043,043,04,2.8,1,-2.02898550724638
SAN ANTONIO,,,,,POPULATION,,CVL,,,036,036,03,4.0,9,1.47542959782929
THE OPPOSITION,,OPP,,,ISRAEL,,,,,013,013,01,0.4,1,-1.56521739130434
,,,,,INDONESIA,,,,,173,173,17,-5.0,2,-4.25531914893617
INDONESIA,,,,,,,,,,043,043,04,2.8,4,-3.85487528344672
BALI,,,,,,,,,,043,043,04,2.8,6,-3.85487528344672
GERMANY,,,,,IRAN,,,,,012,012,01,-0.4,8,0.68965517241379
FRANCE,,,,,,,,,,070,070,07,7.0,4,-2.33766233766234
EUROPE,,,,,ESTONIA,,,,,110,110,11,-2.0,3,-9.40170940170944
POLICE,,COP,,,,,,,,1711,171,17,-9.2,10,-2.55972696245734
AUSTRALIA,,,,,INDONESIA,,,,,042,042,04,1.9,2,-3.1927023945268
GERMANY,,,,,MEDIA,,MED,,,051,051,05,3.4,1,-0.94250706880302
,,,,,BALI,,,,,173,173,17,-5.0,1,-2.02898550724638
WRITER,,MED,,,,,,,,120,120,12,-4.0,10,-2.06896551724138
,,,,,INDONESIA,,,,,042,042,04,1.9,3,-4.25531914893617
EUROPE,,,,,ESTONIA,,,,,190,190,19,-10.0,3,-9.40170940170944
AUSTRALIAN,,,,,BALI,,,,,173,173,17,-5.0,24,-4.29447852760736
UNITED KINGDOM,,,,,,,,,,013,013,01,0.4,2,-0.76804915514592
INDONESIA,,,,,,,,,,043,043,04,2.8,3,-4.25531914893617
CHINESE,,,,,,,,,,120,120,12,-4.0,10,-2.30849947534103
,,,,,INDONESIA,,,,,173,173,17,-5.0,4,-3.85487528344672
,,,,,BALI,,,,,042,042,04,1.9,4,-7.17948717948718
AUSTRALIAN,,,,,INDONESIA,,,,,173,173,17,-5.0,1,-2.31660231660232
SOUTH AUSTRALIA,,,,,,,,,,190,190,19,-10.0,10,-1.73913043478261
AUSTRALIAN,,,,,BALI,,,,,173,173,17,-5.0,10,-3.886925795053
THE OPPOSITION,,OPP,,,ISRAEL,,,,,013,013,01,0.4,2,-1.56521739130434
GERMANY,,,,,IRAN,,,,,012,012,01,-0.4,2,0.68965517241379
,,,,,INDONESIA,,,,,173,173,17,-5.0,2,-2.02898550724638
GERMANY,,,,,,,,,,084,084,08,7.0,1,-0.94250706880302
CITIZEN,,CVL,,,,,,,,052,052,05,3.5,10,2.05128205128205
AUSTRALIA,,,,,INDONESIA,,,,,042,042,04,1.9,1,-3.49397590361445
INDONESIA,,,,,AUSTRALIA,,,,,043,043,04,2.8,2,-3.1927023945268
THE OPPOSITION,,OPP,,,ISRAEL,,,,,013,013,01,0.4,1,-1.56521739130434
SCHOOL,,EDU,,,,,,,,013,013,01,0.4,3,-0.76804915514592
,,,,,BALI,,,,,042,042,04,1.9,6,-3.85487528344672
UNITED STATES,,,,,,,,,,042,042,04,1.9,4,7.4410163339383
GREEK,,,,,PUBLIC SECTOR,,GOV,,,112,112,11,-2.0,4,-2.27272727272727
,,,,,UNITED KINGDOM,,,,,046,046,04,7.0,1,-1.09649122807017
INDONESIA,,,,,NIGERIA,,,,,172,172,17,-5.0,4,-2.27272727272728
,,,,,UNITED STATES,,LAB,,,190,190,19,-10.0,2,-2.95420974889217
ITALY,,GOV,,,ITALIAN,,,,,040,040,04,1.0,2,0.549450549450551
AUSTRALIAN,,,,,BALI,,,,,173,173,17,-5.0,4,-2.17391304347826
RETIRED,,ELI,,,POLITICIAN,,,,,112,112,11,-2.0,5,-9.16030534351144
,,,,,MINNESOTA,,,,,043,043,04,2.8,4,1.39103554868624
,,,,,INDONESIA,,,,,173,173,17,-5.0,6,-1.80360721442886
THAI,,,,,,,,,,111,111,11,-2.0,3,2.97029702970297
AUSTRALIA,,,,,BALI,,,,,173,173,17,-5.0,1,-3.14928425357874
PIPER JAFFRAY,,MNC,,,,,,,,120,120,12,-4.0,10,-2.69541778975741
INDONESIA,,,,,NIGERIA,,,,,172,172,17,-5.0,2,-5.64516129032258
PIPER JAFFRAY,,MNC,,,,,,,,020,020,02,3.0,10,-2.69541778975741
,,,,,ITALIAN,,GOV,,,040,040,04,1.0,8,0.549450549450551
AUSTRALIA,,,,,INDONESIA,,,,,173,173,17,-5.0,2,-2.17391304347826
AUSTRALIAN,,,,,BALI,,,,,173,173,17,-5.0,8,-4.82233502538071
,,,,,BALI,,,,,173,173,17,-5.0,9,-3.14928425357874
INDONESIA,,,,,NIGERIAN,,,,,172,172,17,-5.0,1,-6.15141955835962
UNITED STATES,,,,,,,,,,042,042,04,1.9,1,1.39103554868624
INDONESIA,,,,,NIGERIA,,,,,172,172,17,-5.0,2,-5.00782472613459
INDONESIA,,,,,NIGERIAN,,,,,172,172,17,-5.0,1,-4.8951048951049
LEGISLATOR,,LEG,,,,,,,,084,084,08,7.0,4,0.31055900621118
,,,,,BALI,,,,,173,173,17,-5.0,3,-3.14928425357874
ITALIAN,,GOV,,,,,,,,040,040,04,1.0,8,0.549450549450551
AUSTRALIA,,,,,BALI,,,,,173,173,17,-5.0,1,-3.14928425357874
INDONESIA,,,,,NIGERIA,,,,,172,172,17,-5.0,2,-6.08424336973479
AUSTRALIA,,,,,BALI,,,,,173,173,17,-5.0,2,-3.05654610290372
ITALIAN,,,,,ITALY,,GOV,,,040,040,04,1.0,2,0.549450549450551
LEGISLATOR,,LEG,,,,,,,,110,110,11,-2.0,3,0.31055900621118
BALI,,,,,,,,,,043,043,04,2.8,1,-1.80360721442886
INDONESIA,,,,,NIGERIA,,,,,172,172,17,-5.0,2,-7.55287009063444
,,,,,INDONESIA,,,,,173,173,17,-5.0,2,-1.80360721442886
BRAZILIAN,,LEG,,,BRAZIL,,,,,173,173,17,-5.0,7,-9.09090909090905
AUSTRALIA,,,,,NIGERIA,,,,,172,172,17,-5.0,3,-4.6183682983683
LEGISLATOR,,LEG,,,,,,,,110,110,11,-2.0,1,0.31055900621118
AUSTRALIAN,,,,,INDONESIA,,,,,173,173,17,-5.0,2,-4.82233502538071
LEGISLATOR,,LEG,,,,,,,,084,084,08,7.0,1,0.31055900621118
AUSTRALIA,,,,,NIGERIA,,,,,172,172,17,-5.0,1,-4.8951048951049
MINNESOTA,,,,,,,,,,042,042,04,1.9,3,1.39103554868624
AUSTRALIAN,,,,,INDONESIA,,,,,173,173,17,-5.0,1,-2.17391304347826
AUSTRALIA,,,,,BALI,,,,,173,173,17,-5.0,2,-3.14928425357874
INDONESIA,,,,,NIGERIA,,,,,172,172,17,-5.0,2,-5.0
,,,,,BALI,,,,,042,042,04,1.9,7,-1.80360721442886
,,,,,BALI,,,,,173,173,17,-5.0,1,-1.80360721442886
BALI,,,,,,,,,,043,043,04,2.8,10,-3.14928425357874
,,,,,BALI,,,,,173,173,17,-5.0,4,-3.14928425357874
INDONESIA,,,,,NIGERIA,,,,,172,172,17,-5.0,2,-5.64516129032258
BUSINESS,,BUS,,,,,,,,013,013,01,0.4,10,0.0
INDONESIA,,,,,NIGERIA,,,,,172,172,17,-5.0,8,-4.8008510093279
INDONESIA,,,,,NIGERIA,,,,,172,172,17,-5.0,2,-4.08163265306123
INDONESIA,,,,,NIGERIA,,,,,172,172,17,-5.0,2,-6.08424336973479
INDONESIA,,,,,NIGERIA,,,,,172,172,17,-5.0,2,-3.52733686067019
,,,,,INDONESIA,,,,,173,173,17,-5.0,2,-0.89820359281437
INDONESIA,,,,,NIGERIA,,,,,172,172,17,-5.0,4,-5.25070165422967
INDONESIA,,,,,NIGERIA,,,,,172,172,17,-5.0,1,-6.15141955835962
,,,,,UNITED STATES,,LAB,,,190,190,19,-10.0,2,-4.83091787439614
AUSTRALIA,,,,,INDONESIA,,,,,173,173,17,-5.0,1,-2.17391304347826
INDONESIA,,,,,,,,,,043,043,04,2.8,6,-1.80360721442886
AUSTRALIAN,,,,,INDONESIA,,,,,173,173,17,-5.0,1,-2.17391304347826
,,,,,BALI,,,,,042,042,04,1.9,10,-3.14928425357874
UNITED STATES,,,,,SCHOOL,,EDU,,,026,026,02,4.0,4,1.85714285714285
LEGISLATOR,,LEG,,,,,,,,110,110,11,-2.0,1,0.31055900621118
INDONESIA,,,,,NIGERIA,,,,,172,172,17,-5.0,2,1.52091254752852
AUSTRALIA,,,,,NIGERIA,,,,,172,172,17,-5.0,4,-4.68755244755245
INDONESIA,,,,,NIGERIA,,,,,172,172,17,-5.0,2,-5.0
AUSTRALIA,,,,,INDONESIA,,,,,173,173,17,-5.0,1,-2.17391304347826
GREECE,,,,,,,,,,010,010,01,0.0,5,-5.32786885245902
THAILAND,,,,,,,,,,042,042,04,1.9,10,-2.27670753064798
WRITER,,MED,,,,,,,,111,111,11,-2.0,6,-2.39520958083833
IOWA,,,,,INDUSTRY,,BUS,,,051,051,05,3.4,10,-2.15946843853821
BRAZIL,,,,,POLICE,,COP,,,012,012,01,-0.4,2,-1.58653846153846
,,,,,UNITED STATES,,LAB,,,190,190,19,-10.0,2,-2.65273311897106
ITALIAN,,GOV,,,,,,,,040,040,04,1.0,8,0.896860986547087
POPULATION,,CVL,,,,,,,,120,120,12,-4.0,4,-2.20152413209145
,,,,,THAILAND,,,,,043,043,04,2.8,10,-2.27670753064798
ITALIAN,,,,,ITALY,,GOV,,,040,040,04,1.0,2,0.896860986547087
ITALY,,GOV,,,ITALIAN,,,,,040,040,04,1.0,2,0.896860986547087
PUERTO RICO,,,,,POPULATION,,CVL,,,070,070,07,7.0,10,-1.79533213644524
SCHOOL,,EDU,,,OHIO,,,,,071,071,07,7.4,10,-0.2865329512894
WORKER,,LAB,,,LAWYER,,JUD,,,112,112,11,-2.0,5,-4.81740481740481
CABINET,,GOV,,,CABINET,,GOV,GOV,,111,111,11,-2.0,5,-6.95652173913043
POPULATION,,CVL,,,,,,,,120,120,12,-4.0,10,-5.46075085324232
UNITED STATES,,,,,SCHOOL,,EDU,,,026,026,02,4.0,4,1.85714285714285
SOVEREIGN,,GOV,,,,,,,,071,071,07,7.4,5,4.08163265306123
REUTERS,,MED,,,EDUCATION MINIST,,GOV,EDU,,0831,083,08,5.0,20,-5.0561797752809
AMERICAN,,,,,LAWMAKER,,LEG,,,084,084,08,7.0,8,0.0
,,,,,ITALIAN,,GOV,,,040,040,04,1.0,8,0.896860986547087
ITALY,,,,,WEBSITE,,MED,,,111,111,11,-2.0,4,-2.39520958083833
POPULATION,,CVL,,,,,,,,120,120,12,-4.0,3,-2.20152413209145
BRAZIL,,,,,POLICE,,COP,,,012,012,01,-0.4,8,-1.58653846153846
COLLEGE,,EDU,,,OHIO,,,,,071,071,07,7.4,10,0.28169014084507
,,,,,BALI,,,,,173,173,17,-5.0,2,-2.3076923076923
SCHOOL,,EDU,,,,,,,,017,017,01,0.0,10,1.27582017010936
UNITED STATES,,,,,,,,,,020,020,02,3.0,4,-0.60790273556231
MAFIA,,CRM,,,AUTHORITIES,,GOV,,,042,042,04,1.9,5,-1.20218579234973
AUSTRALIA,,,,,INDONESIA,,,,,043,043,04,2.8,2,-2.3076923076923
BALI,,,,,,,,,,043,043,04,2.8,2,-2.3076923076923
INDONESIA,,,,,AUSTRALIA,,,,,042,042,04,1.9,2,-2.3076923076923
BOLIVIA,,,,,PERU,,,,,1821,182,18,-9.0,2,-5.30811470408785
UNITED STATES,,,,,,,,,,020,020,02,3.0,6,-0.46367851622875
,,,,,BALI,,,,,042,042,04,1.9,2,-2.3076923076923
WORKER,,LAB,,,LAWYER,,JUD,,,112,112,11,-2.0,5,-4.80993017843289
BOLIVIA,,,,,PERU,,,,,1821,182,18,-9.0,8,-5.30811470408785
ARGENTINA,,,,,PERU,,,,,1821,182,18,-9.0,8,-5.30811470408785
BUSINESS,,BUS,,,PUPIL,,EDU,,,071,071,07,7.4,1,-1.03163686382394
AUSTRALIA,,,,,INDONESIA,,,,,043,043,04,2.8,2,-2.3076923076923
INDONESIA,,,,,,,,,,043,043,04,2.8,4,-2.3076923076923
MAFIA,,CRM,,,AUTHORITIES,,GOV,,,042,042,04,1.9,5,-1.20218579234973
TEXAS,,,,,PUPIL,,EDU,,,071,071,07,7.4,2,-1.03163686382394
UNITED STATES,,,,,,,,,,020,020,02,3.0,1,-0.60790273556231
UNITED KINGDOM,,COP,,,,,,,,090,090,09,-2.0,10,-2.18068535825546
UNITED STATES,,,,,,,,,,020,020,02,3.0,1,-0.60790273556231
ARGENTINA,,,,,PERU,,,,,1821,182,18,-9.0,2,-5.30811470408785
INDONESIA,,,,,AUSTRALIA,,,,,042,042,04,1.9,2,-2.3076923076923
,,,,,INDONESIA,,,,,173,173,17,-5.0,4,-2.3076923076923
,,,,,INDONESIA,,,,,042,042,04,1.9,4,-2.3076923076923
COLOMBIA,,,,,PERU,,,,,1821,182,18,-9.0,10,-5.30811470408785
AUTHORITIES,,GOV,,,MAFIA,,CRM,,,043,043,04,2.8,10,-1.20218579234973
SCHOOL,,EDU,,,OHIO,,,,,071,071,07,7.4,8,-0.27210884353741
POLICE,,COP,,,,,,,,013,013,01,0.4,1,-3.93120393120393
BUSINESS,,BUS,,,,,,,,042,042,04,1.9,7,2.60707635009311
AUSTRALIA,,,,,,,,,,043,043,04,2.8,1,2.4866785079929
HOSPITAL,,HLH,,,ADEN,,,,,043,043,04,2.8,8,-9.18367346938779
POLICE,,COP,,,,,,,,013,013,01,0.4,3,-3.93120393120393
AFGHAN,,,,,,,,,,141,141,14,-6.5,10,1.27272727272727
HOSPITAL,,HLH,,,SOMALIA,,,,,043,043,04,2.8,2,-9.18367346938779
POLICE,,COP,,,,,,,,013,013,01,0.4,1,-3.93120393120393
BUSINESS,,BUS,,,,,,,,042,042,04,1.9,3,2.60707635009311
LECTURER,,EDU,,,KABUL,,,,,010,010,01,0.0,1,-0.43103448275862
,,,,,AUSTRALIA,,,,,042,042,04,1.9,1,2.4866785079929
AFGHANISTAN,,,,,LECTURER,,EDU,,,010,010,01,0.0,1,-0.43103448275862
COMPANIES,,BUS,,,,,,,,012,012,01,-0.4,10,-3.125
SCHOOL,,EDU,,,OHIO,,,,,071,071,07,7.4,6,-0.27816411682893
COMMUNITY,,CVL,,,,,,,,120,120,12,-4.0,10,3.94736842105263
SCHOOL,,EDU,,,OHIO,,,,,071,071,07,7.4,2,-0.27210884353741
AFGHANISTAN,,,,,AFGHANISTAN,,EDU,,,010,010,01,0.0,2,-0.43103448275862
SOMALIA,,,,,HOSPITAL,,HLH,,,042,042,04,1.9,2,-9.18367346938779
ADEN,,,,,HOSPITAL,,HLH,,,042,042,04,1.9,2,-9.18367346938779
LECTURER,,EDU,,,KABUL,,EDU,,,010,010,01,0.0,3,-0.43103448275862
ADEN,,,,,HOSPITAL,,HLH,,,042,042,04,1.9,6,-9.18367346938779
SCHOOL,,EDU,,,OHIO,,,,,071,071,07,7.4,4,-0.27816411682893
,,,,,BUSINESS,,BUS,,,043,043,04,2.8,10,2.60707635009311
LOUISVILLE,,,,,RELIGIOUS ORGANIZATION,,,,,120,120,12,-4.0,5,2.25225225225225
RUSSIA,,,,,UKRAINE,,,,,162,162,16,-5.6,4,-4.85781990521327
EUROPE,,,,,TERRORIST,,UAF,,,190,190,19,-10.0,1,-5.17241379310345
SETTLEMENT,,CVL,,,GOVERNMENT,,GOV,,,070,070,07,7.0,5,1.39470013947001
,,,,,AFRICA,,,,,193,193,19,-10.0,5,-6.50406504065041
CISCO SYSTEMS,,MNC,,,,,,,,080,080,08,5.0,10,-0.363636363636361
,,,,,GOVERNMENT,,GOV,,,020,020,02,3.0,5,-1.55172413793103
THE US,,,,,,,,,,013,013,01,0.4,15,2.98165137614679
FARMER,,AGR,,,,,,,,043,043,04,2.8,10,0.85378868729989
THE EUROPEAN UNION,EEC,IGO,,,FREEDOM HOUSE,,NGO,HRI,,0841,084,08,7.0,10,-1.35396518375241
EUROPE,,,,,NORWAY,,,,,190,190,19,-10.0,1,-5.17241379310345
MINNESOTA,,,,,,,,,,042,042,04,1.9,3,1.39103554868624
STUDENT,,EDU,,,,,,,,043,043,04,2.8,2,0.27932960893855
,,,,,MINNESOTA,,,,,043,043,04,2.8,4,1.39103554868624
,,,,,AFRICA,,,,,193,193,19,-10.0,10,-2.99043062200957
UNITED KINGDOM,,,,,,,,,,071,071,07,7.4,4,0.92165898617512
STUDENT,,EDU,,,,,,,,043,043,04,2.8,3,0.27932960893855
FREEDOM HOUSE,,NGO,HRI,,EUROPEAN,,,,,120,120,12,-4.0,10,-1.35396518375241
AUSTRALIA,,,,,PRIME MINISTER,,GOV,,,071,071,07,7.4,2,2.43055555555555
MILITARY PERSONNEL,,MIL,,,COLOMBIAN,,GOV,,,072,072,07,8.3,3,-4.23728813559322
EUROPE,,,,,UNITED KINGDOM,,,,,190,190,19,-10.0,1,-5.17241379310345
BRAZIL,,,,,,,,,,090,090,09,-2.0,10,-3.05084745762712
EUROPE,,,,,MADRID,,,,,190,190,19,-10.0,3,-5.17241379310345
BUSINESS,,BUS,,,,,,,,013,013,01,0.4,4,1.51228733459358
EUROPE,,,,,OSLO,,,,,190,190,19,-10.0,2,-5.17241379310345
GOOGLE,,MNC,MED,,,,,,,090,090,09,-2.0,10,-1.14107883817428
RUSSIA,,,,,UKRAINE,,,,,162,162,16,-5.6,10,-4.04371584699453
RUSSIA,,,,,UKRAINE,,,,,130,130,13,-4.4,10,-4.04371584699453
EUROPE,,,,,TERRORIST,,UAF,,,190,190,19,-10.0,2,-5.17241379310345
AFGHAN,,,,,,,,,,141,141,14,-6.5,10,1.32200188857412
THE US,,,,,,,,,,172,172,17,-5.0,15,2.98165137614679
THE EUROPEAN UNION,EEC,IGO,,,EUROPEAN,,,,,012,012,01,-0.4,10,-1.35396518375241
MILITARY PERSONNEL,,MIL,,,COLOMBIAN,,,,,072,072,07,8.3,4,-4.23728813559322
EUROPE,,,,,LONDON,,,,,190,190,19,-10.0,2,-5.17241379310345
UNITED STATES,,,,,,,,,,010,010,01,0.0,4,-3.5490605427975
,,,,,STUDENT,,EDU,,,042,042,04,1.9,2,0.27932960893855
,,,,,FARMER,,AGR,,,042,042,04,1.9,10,0.85378868729989
,,,,,STUDENT,,EDU,,,042,042,04,1.9,3,0.27932960893855
COLOMBIAN,,GOV,,,GUERRILLA,,REB,,,072,072,07,8.3,3,-4.23728813559322
BUSINESS,,BUS,,,,,,,,013,013,01,0.4,1,1.49532710280374
RUSSIA,,,,,UKRAINE,,,,,162,162,16,-5.6,1,-4.85781990521327
BAHAMA,,,,,,,,,,112,112,11,-2.0,2,-1.4519056261343
BUSINESS,,BUS,,,,,,,,013,013,01,0.4,5,0.83798882681564
UNITED STATES,,,,,,,,,,042,042,04,1.9,1,1.39103554868624
BUSINESS,,BUS,,,,,,,,013,013,01,0.4,1,1.51228733459358
POLICE,,COP,,,,,,,,010,010,01,0.0,6,-3.03030303030303
AUSTRIA,,,,,AUSTRIA,,JUD,,,042,042,04,1.9,2,2.35131396957123
AFRICA,,,,,,,,,,046,046,04,7.0,5,-0.78369905956113
,,,,,AUSTRIA,,,,,042,042,04,1.9,2,2.35131396957123
SPANIARD,,,,,UNITED STATES,,,,,010,010,01,0.0,6,2.57234726688102
SPANIARD,,,,,,,,,,010,010,01,0.0,2,2.57234726688102
,,,,,NEW YORK CITY,,,,,043,043,04,2.8,10,0.0
AFGHANISTAN,,,,,LECTURER,,EDU,,,010,010,01,0.0,1,-0.60514372163389
BANGLADESH,,,,,PAKISTAN,,,,,043,043,04,2.8,3,-5.12820512820513
AUSTRALIAN,,,,,AUSTRALIA,,GOV,,,020,020,02,3.0,2,-0.35813768404298
CLEVELAND,,,,,SYRIA,,,,,043,043,04,2.8,1,1.01694915254237
AUSTRIA,,,,,,,,,,043,043,04,2.8,2,2.35131396957123
PAKISTAN,,,,,BANGLADESH,,,,,042,042,04,1.9,3,-5.12820512820513
,,,,,COMMUNITY,,CVL,,,090,090,09,-2.0,10,0.62724014336918
PRESIDENT,,GOV,,,,,,,,013,013,01,0.4,10,-0.31152647975078
PAKISTAN,,,,,BANGLADESH,,,,,042,042,04,1.9,1,-5.12820512820513
,,,,,PRESIDENT,,GOV,,,043,043,04,2.8,10,-4.74604496253122
STUDENT,,EDU,,,,,,,,010,010,01,0.0,6,2.33785822021116
UNITED STATES,,,,,,,,,,010,010,01,0.0,4,1.1070110701107
MINNESOTA,,,,,,,,,,042,042,04,1.9,3,1.39103554868624
AUSTRALIA,,GOV,,,AUSTRALIA,,,,,020,020,02,3.0,1,-0.35813768404298
AFGHANISTAN,,,,,AFGHANISTAN,,EDU,,,010,010,01,0.0,2,-0.60514372163389
NATO,NAT,IGO,,,,,,,,154,154,15,-7.2,10,-2.12655601659751
SOUTH KOREA,,,,,,,,,,010,010,01,0.0,4,-2.05128205128205
UNITED STATES,,,,,STUDENT,,EDU,,,010,010,01,0.0,4,2.33785822021116
POLICE,,COP,,,FRANCE,,,,,013,013,01,0.4,4,-3.03030303030303
PAKISTAN,,,,,BANGLADESH,,,,,042,042,04,1.9,1,-5.12820512820513
SYRIA,,,,,CLEVELAND,,,,,042,042,04,1.9,1,1.01694915254237
AUSTRALIAN,,GOV,,,,,,,,020,020,02,3.0,7,-0.35813768404298
UNITED STATES,,,,,,,,,,042,042,04,1.9,1,1.39103554868624
,,,,,AFRICA,,,,,193,193,19,-10.0,10,-2.83582089552239
BANGLADESH,,,,,PAKISTAN,,,,,043,043,04,2.8,1,-5.12820512820513
PRESIDENT,,GOV,,,,,,,,042,042,04,1.9,10,-4.74604496253122
,,,,,AFRICA,,,,,046,046,04,7.0,5,-0.78369905956113
FELON,,CRM,,,PRISON,,COP,,,173,173,17,-5.0,10,-17.910447761194
IRELAND,,,,,,,,,,015,015,01,0.0,4,0.0
LECTURER,,EDU,,,KABUL,,EDU,,,010,010,01,0.0,3,-0.60514372163389
INVESTOR,,BUS,,,,,,,,071,071,07,7.4,5,-2.60416666666666
SOUTH KOREA,,,,,MICROSOFT,,MNC,,,010,010,01,0.0,10,4.45103857566766
,,,,,MINNESOTA,,,,,043,043,04,2.8,4,1.39103554868624
BANGLADESH,,,,,PAKISTAN,,,,,043,043,04,2.8,1,-5.12820512820513
UNIVERSITY,,EDU,,,UNITED NATIONS,UNO,IGO,,,051,051,05,3.4,10,3.48837209302325
AUSTRIA,,JUD,,,AUSTRIA,,,,,043,043,04,2.8,2,2.35131396957123
NEW YORK CITY,,,,,,,,,,042,042,04,1.9,10,0.0
MILITARY,,MIL,,,,,,,,1384,138,13,-7.0,5,-4.81181515007146
NEW YORK,,,,,UNITED NATIONS,UNO,IGO,,,051,051,05,3.4,10,3.48837209302325
LECTURER,,EDU,,,KABUL,,,,,010,010,01,0.0,1,-0.60514372163389
INVESTOR,,BUS,,,,,,,,071,071,07,7.4,5,-2.60416666666666
PRESIDENT,,GOV,,,TELEVISION,,MED,,,051,051,05,3.4,6,2.27272727272727
,,,,,PRESIDENT,,GOV,,,043,043,04,2.8,10,-4.65707027942422
,,,,,ISRAELI,,,,,036,036,03,4.0,7,-3.26223337515683
CHINA,,,,,,,,,,050,050,05,3.5,10,4.97237569060774
CHINA,,,,,,,,,,050,050,05,3.5,10,4.08163265306123
RUSSIA,,,,,PRODUCER,,BUS,,,120,120,12,-4.0,2,-3.28947368421053
UNITED STATES,,LAB,,,,,,,,114,114,11,-2.0,2,-6.37254901960784
BRAZIL,,,,,TELEVISION,,MED,,,051,051,05,3.4,4,2.27272727272727
CANADIAN,,,,,INVESTOR,,BUS,,,173,173,17,-5.0,2,-8.08080808080808
NEWS EDITOR,,MED,,,NAIROBI,,EDU,,,040,040,04,1.0,10,2.09923664122137
COLOMBIA,,,,,PERU,,,,,1821,182,18,-9.0,10,-5.41538461538462
,,,,,CHINA,,,,,040,040,04,1.0,10,2.83687943262412
RUSSIA,,,,,UKRAINE,,,,,190,190,19,-10.0,18,-1.16643953842534
BOLIVIA,,,,,PERU,,,,,1821,182,18,-9.0,8,-5.41538461538462
PRESIDENT,,GOV,,,,,,,,042,042,04,1.9,10,-4.65707027942422
UNITED STATES,,EDU,,,UNITED STATES,,GOV,,,071,071,07,7.4,2,-3.01204819277108
,,,,,GOVERNMENT,,GOV,,,100,100,10,-5.0,10,-3.42205323193917
NEW ZEALAND,,,,,,,,,,070,070,07,7.0,10,2.17785843920145
UNITED STATES,,,,,,,,,,1712,171,17,-9.2,1,-6.95266272189349
ARGENTINA,,,,,PERU,,,,,1821,182,18,-9.0,2,-5.41538461538462
UNITED STATES,,,,,,,,,,020,020,02,3.0,1,-0.120481927710843
,,,,,GOVERNMENT,,GOV,,,014,014,01,0.0,10,-3.42205323193917
ARGENTINA,,,,,PERU,,,,,1821,182,18,-9.0,8,-5.41538461538462
CANADIAN,,,,,UNITED STATES,,BUS,,,173,173,17,-5.0,6,-8.08080808080808
UNITED STATES,,EDU,,,PRESIDENT,,GOV,,,071,071,07,7.4,4,-3.01204819277108
BANGKOK,,,,,INVESTOR,,BUS,,,173,173,17,-5.0,1,-8.08080808080808
GOVERNMENT,,GOV,,,,,,,,043,043,04,2.8,10,-3.42205323193917
GOVERNMENT,,GOV,,,,,,,,141,141,14,-6.5,10,-3.12916111850866
SCHOOL,,EDU,,,PRESIDENT,,GOV,,,071,071,07,7.4,2,-3.01204819277108
NAIROBI,,EDU,,,NEWS EDITOR,,MED,,,040,040,04,1.0,10,2.09923664122137
BOLIVIA,,,,,PERU,,,,,1821,182,18,-9.0,2,-5.41538461538462
UNITED STATES,,,,,,,,,,1712,171,17,-9.2,1,-6.95266272189349
RUSSIA,,,,,PRODUCER,,BUS,,,120,120,12,-4.0,12,-3.30168124769552
RUSSIA,,,,,UKRAINE,,,,,190,190,19,-10.0,6,-1.16643953842534
COLLEGE,,EDU,,,,,,,,071,071,07,7.4,5,-2.35294117647059
BANGKOK,,,,,UNITED STATES,,BUS,,,173,173,17,-5.0,4,-8.08080808080808
,,,,,GOVERNMENT,,GOV,,,042,042,04,1.9,10,-3.42205323193917
SUPREME COURT,,JUD,,,,,,,,020,020,02,3.0,10,-0.22774720060733
,,,,,NEW YORK CITY,,,,,043,043,04,2.8,10,0.0
RUSSIA,,,,,UKRAINE,,,,,190,190,19,-10.0,6,-1.16643953842534
CANADA,,,,,UNITED STATES,,BUS,,,173,173,17,-5.0,2,-8.08080808080808
CHINA,,,,,,,,,,040,040,04,1.0,10,2.83687943262412
OTTAWA,,,,,,,,,,010,010,01,0.0,10,-5.60747663551401
UKRAINE,,,,,RUSSIA,,,,,190,190,19,-10.0,18,-1.16643953842534
INDUSTRY,,BUS,,,,,,,,051,051,05,3.4,10,0.82768999247555
UNITED STATES,,EDU,,,UNITED STATES,,,,,071,071,07,7.4,2,-3.01204819277108
NEW YORK CITY,,,,,,,,,,042,042,04,1.9,10,0.0
RUSSIA,,,,,PRODUCER,,BUS,,,120,120,12,-4.0,48,-3.30168124769552
ISRAELI,,,,,,,,,,036,036,03,4.0,7,-3.26223337515683
UNITED STATES,,,,,,,,,,020,020,02,3.0,1,-0.120481927710843
UKRAINE,,,,,RUSSIA,,,,,190,190,19,-10.0,6,-1.16643953842534
UNITED STATES,,,,,INDUSTRY,,BUS,,,111,111,11,-2.0,4,4.24528301886792
RUSSIA,,,,,PRODUCER,,BUS,,,120,120,12,-4.0,8,-3.28947368421053
CHINA,,,,,,,,,,050,050,05,3.5,10,5.01392757660167
UKRAINE,,,,,RUSSIA,,,,,190,190,19,-10.0,6,-1.16643953842534
CANADA,,,,,,,,,,042,042,04,1.9,8,-8.6092209201809
,,,,,CANADA,,,,,043,043,04,2.8,8,-8.6092209201809
CHINA,,,,,PAKISTAN,,,,,080,080,08,5.0,2,-0.50709939148073
BRAZIL,,,,,INDUSTRY,,BUS,,,010,010,01,0.0,8,-0.57664584334454
EUROPE,,,,,,,,,,017,017,01,0.0,10,8.70870870870871
SYRIAN,,MIL,,,FIGHTER,,UAF,MIL,,173,173,17,-5.0,6,-13.4246575342465
CHINA,,,,,,,,,,050,050,05,3.5,10,6.87022900763359
KANSAS,,,,,KANSAS,,BUS,,,090,090,09,-2.0,3,0.78616352201257
RUSSIA,,,,,OPEC,OPC,IGO,BUS,,120,120,12,-4.0,2,-3.30188679245283
CHINA,,,,,PAKISTAN,,,,,080,080,08,5.0,6,-0.50709939148073
AUSTRIA,,,,,UNITED STATES,,,,,051,051,05,3.4,1,5.73476702508961
SINGAPORE,,,,,SOVEREIGN,,GOV,,,071,071,07,7.4,8,-3.23353293413174
CHINA,,,,,,,,,,050,050,05,3.5,10,5.0
RUSSIA,,,,,PRODUCER,,BUS,,,120,120,12,-4.0,8,-3.35570469798658
SYRIAN,,,,,FIGHTER,,UAF,MIL,,173,173,17,-5.0,4,-13.4246575342465
AUSTRIA,,,,,UNITED STATES,,,,,051,051,05,3.4,1,5.73476702508961
,,,,,STUDENT,,EDU,,,192,192,19,-9.5,10,0.83682008368201
NAIROBI,,EDU,,,NEWS EDITOR,,MED,,,040,040,04,1.0,10,2.26843100189036
UNITED KINGDOM,,,,,,,,,,010,010,01,0.0,4,-1.21580547112462
RUSSIA,,,,,PRODUCER,,BUS,,,120,120,12,-4.0,8,-3.28947368421053
,,,,,IRAN,,,,,050,050,05,3.5,4,-2.32018561484919
MEXICO,,,,,BANK,,BUS,,,190,190,19,-10.0,2,-1.76824680210685
IRAN,,,,,,,,,,050,050,05,3.5,4,-2.32018561484919
NEWS EDITOR,,MED,,,NAIROBI,,EDU,,,040,040,04,1.0,10,2.26843100189036
BRAZIL,,,,,INDUSTRY,,BUS,,,036,036,03,4.0,4,-0.57664584334454
UNITED STATES,,BUS,,,KANSAS,,,,,090,090,09,-2.0,2,0.78616352201257
MEXICO,,,,,BANK,,BUS,,,190,190,19,-10.0,8,-1.76824680210685
PAKISTAN,,,,,CHINA,,,,,080,080,08,5.0,2,-0.50709939148073
ACTIVIST,,OPP,,,GOVERNMENT,,GOV,,,071,071,07,7.4,2,-1.99335548172758
CHINA,,,,,,,,,,050,050,05,3.5,10,5.02793296089385
ARMY,,MIL,,,,,,,,040,040,04,1.0,10,3.20916905444126
,,,,,ARMY,,MIL,,,040,040,04,1.0,10,3.20916905444126
RUSSIA,,,,,PRODUCER,,BUS,,,120,120,12,-4.0,2,-3.35570469798658
PAKISTAN,,,,,CHINA,,,,,080,080,08,5.0,2,-0.50709939148073
CANADIAN,,,,,INVESTOR,,BUS,,,173,173,17,-5.0,8,-8.4070796460177
PAKISTAN,,,,,CHINA,,,,,080,080,08,5.0,6,-0.50709939148073
BRAZIL,,,,,INDUSTRY,,BUS,,,036,036,03,4.0,4,-0.57664584334454
CHINA,,,,,PAKISTAN,,,,,080,080,08,5.0,2,-0.50709939148073
ABU DHABI,,,,,SOVEREIGN,,GOV,,,071,071,07,7.4,2,-3.23353293413174
COMPANY,,BUS,,,,,,,,080,080,08,5.0,4,1.09953703703704
RUSSIA,,,,,OPEC,OPC,IGO,BUS,,120,120,12,-4.0,8,-3.30188679245283
RUSSIA,,,,,PRODUCER,,BUS,,,120,120,12,-4.0,2,-3.28947368421053
IRAN,,,,,,,,,,050,050,05,3.5,1,-2.32018561484919
CANADIAN,,,,,INVESTOR,,BUS,,,173,173,17,-5.0,2,-8.4070796460177
ACTIVIST,,OPP,,,GOVERNMENT,,GOV,,,071,071,07,7.4,3,-1.99335548172758
BANGKOK,,,,,INVESTOR,,BUS,,,173,173,17,-5.0,5,-8.4070796460177
INDUSTRY,,BUS,,,BRAZIL,,,,,036,036,03,4.0,8,-0.57664584334454
,,,,,IRAN,,,,,050,050,05,3.5,1,-2.32018561484919
COMPANY,,BUS,,,,,,,,080,080,08,5.0,6,1.09953703703704
EXPATRIATE,,REF,,,,,,,,010,010,01,0.0,10,2.18579234972678
GREECE,,,,,,,,,,138,138,13,-7.0,1,2.08816705336427
RUSSIA,,,,,PRODUCER,,BUS,,,120,120,12,-4.0,1,-3.26086956521739
UNITED STATES,,,,,CUBA,,,,,042,042,04,1.9,2,0.0683526999316397
CUBA,,,,,UNITED STATES,,,,,043,043,04,2.8,2,0.0683526999316397
CUBA,,,,,UNITED STATES,,,,,043,043,04,2.8,6,0.0683526999316397
HYOGO,,,,,,,,,,010,010,01,0.0,2,-0.28198801550934
RUSSIA,,,,,PRODUCER,,BUS,,,120,120,12,-4.0,4,-3.26086956521739
BOTSWANA,,,,,INDUSTRY,,BUS,,,112,112,11,-2.0,2,-1.49750415973377
CUBA,,,,,UNITED STATES,,,,,043,043,04,2.8,2,0.0683526999316397
CHIEF EXECUTIVE,,GOV,,,COMPANY,,BUS,,,051,051,05,3.4,10,2.91666666666667
UNITED STATES,,,,,CUBA,,,,,020,020,02,3.0,1,0.0683526999316397
UNITED STATES,,,,,CUBA,,,,,042,042,04,1.9,6,0.0683526999316397
UNITED KINGDOM,,,,,,,,,,010,010,01,0.0,4,-2.65957446808511
GREECE,,,,,,,,,,138,138,13,-7.0,3,2.08816705336427
UNITED STATES,,,,,CUBA,,,,,042,042,04,1.9,2,0.0683526999316397
UNITED STATES,,,,,CUBA,,,,,020,020,02,3.0,3,0.0683526999316397
CHIEF EXECUTIVE,,GOV,,,,,,,,070,070,07,7.0,10,2.91666666666667
HYOGO,,,,,,,,,,010,010,01,0.0,4,-0.28198801550934
BOTSWANA,,,,,INDUSTRY,,BUS,,,112,112,11,-2.0,3,-1.49750415973377
UNITED STATES,,,,,CUBA,,,,,020,020,02,3.0,1,0.0683526999316397
HEALTH CARE PROVIDER,,HLH,,,UNITED STATES,,,,,020,020,02,3.0,2,4.16666666666667
TANZANIA,,,,,CHINA,,,,,013,013,01,0.4,2,2.7027027027027
,,,,,UNITED STATES,,,,,043,043,04,2.8,4,-4.30906389301635
CHIEF EXECUTIVE,,GOV,,,COMPANY,,BUS,,,051,051,05,3.4,10,2.72108843537415
CHINA,,,,,TANZANIA,,,,,013,013,01,0.4,6,2.7027027027027
HEALTH CARE PROVIDER,,HLH,,,,,,,,020,020,02,3.0,8,4.16666666666667
CHIEF EXECUTIVE,,GOV,,,,,,,,070,070,07,7.0,10,2.72108843537415
INVESTOR,,BUS,,,,,,,,0311,031,03,5.2,10,-1.33555926544241
IRISH,,,,,,,,,,060,060,06,6.0,2,0.89743589743589
CHINA,,,,,,,,,,112,112,11,-2.0,20,-1.85615098269185
TANZANIA,,,,,CHINA,,,,,013,013,01,0.4,2,2.7027027027027
AFGHANISTAN,,,,,AMERICAN,,,,,120,120,12,-4.0,4,-5.23560209424084
CHINA,,,,,AFRICA,,,,,013,013,01,0.4,6,2.7027027027027
TURKISH,,,,,,,,,,190,190,19,-10.0,8,-10.7569721115538
SETTLEMENT,,CVL,,,GOVERNMENT,,GOV,,,070,070,07,7.0,10,1.79171332586786
UNITED STATES,,,,,,,,,,042,042,04,1.9,4,-4.30906389301635
INVESTOR,,BUS,,,,,,,,090,090,09,-2.0,10,-1.33555926544241
AFGHANISTAN,,,,,UNITED STATES,,,,,120,120,12,-4.0,2,-5.23560209424084
IRAQ,,,,,AMERICAN,,,,,120,120,12,-4.0,6,-5.23560209424084
AUSTRALIA,,,,,BRITAIN,,,,,043,043,04,2.8,1,-0.41928721174004
PAKISTAN,,,,,VATICAN,,,,,010,010,01,0.0,4,-6.66666666666667
ISLAMIC,,,,,FIGHTER,,UAF,,,042,042,04,1.9,2,-3.56816102470265
CHRISTIAN,,,,,PAKISTAN,,,,,190,190,19,-10.0,4,-8.4942084942085
,,,,,AUSTRALIA,,,,,042,042,04,1.9,3,3.59168241965974
PAKISTAN,,,,,VATICAN,,,,,010,010,01,0.0,4,-8.4942084942085
BRITAIN,,,,,AUSTRALIA,,,,,042,042,04,1.9,1,-0.38910505836576
AUSTRALIA,,,,,BRITAIN,,,,,043,043,04,2.8,1,-0.38910505836576
AFGHANISTAN,,,,,UNITED STATES,,,,,120,120,12,-4.0,1,-3.98406374501992
AFGHANISTAN,,,,,UNITED STATES,,,,,120,120,12,-4.0,1,-3.56816102470265
SETTLEMENT,,CVL,,,GOVERNMENT,,GOV,,,070,070,07,7.0,10,1.61290322580645
IRAQ,,,,,AMERICAN,,,,,120,120,12,-4.0,3,-3.98406374501992
BRITAIN,,,,,AUSTRALIA,,,,,042,042,04,1.9,3,-0.38910505836576
HEALTH CARE PROVIDER,,HLH,,,UNITED STATES,,,,,020,020,02,3.0,2,4.16666666666667
BRITAIN,,,,,AUSTRALIA,,,,,042,042,04,1.9,1,-0.38910505836576
AUSTRALIA,,,,,BRITAIN,,,,,043,043,04,2.8,3,-0.38910505836576
,,,,,BRITAIN,,,,,042,042,04,1.9,3,-0.41928721174004
HEALTH CARE PROVIDER,,HLH,,,,,,,,020,020,02,3.0,8,4.16666666666667
CHRISTIAN,,,,,PAKISTAN,,,,,190,190,19,-10.0,4,-6.66666666666667
THE UN,UNO,IGO,,,HOSPITAL,,HLH,,,110,110,11,-2.0,10,1.04384133611691
FIGHTER,,UAF,,,ISLAMIC,,,,,043,043,04,2.8,2,-3.56816102470265
AUSTRALIA,,,,,BRITAIN,,,,,043,043,04,2.8,1,-0.38910505836576
AUSTRALIA,,,,,,,,,,043,043,04,2.8,3,3.59168241965974
BRITAIN,,,,,,,,,,043,043,04,2.8,3,-0.41928721174004
AFGHANISTAN,,,,,AMERICAN,,,,,120,120,12,-4.0,2,-3.56816102470265
IRAQ,,,,,AMERICAN,,,,,120,120,12,-4.0,3,-3.56816102470265
AFGHANISTAN,,,,,AMERICAN,,,,,120,120,12,-4.0,2,-3.98406374501992
JAPAN,,,,,,,,,,020,020,02,3.0,2,-6.4516129032258
ISRAELI,,,,,UNITED STATES,,,,,060,060,06,6.0,3,0.93582887700535
,,,,,AFRICA,,,,,193,193,19,-10.0,10,-2.4390243902439
MEXICO,,,,,JOURNALIST,,MED,,,190,190,19,-10.0,10,-4.98567335243553
COMPANIES,,BUS,,,ANGLOGOLD ASHANTI,,MNC,,,070,070,07,7.0,3,0.30364372469635
PRESIDENT,,GOV,,,FRANCE,,,,,010,010,01,0.0,4,-2.97202797202797
AFGHANISTAN,,,,,,,,,,010,010,01,0.0,3,0.91264667535854
INVESTOR,,BUS,,,,,,,,043,043,04,2.8,5,-1.10769230769231
COMPANIES,,BUS,,,NEWMONT MINING,,MNC,,,070,070,07,7.0,1,0.3003003003003
BRITAIN,,,,,,,,,,043,043,04,2.8,18,-0.41928721174004
AUSTRALIA,,,,,BRITAIN,,,,,043,043,04,2.8,6,-0.41928721174004
PAKISTAN,,,,,CHINA,,,,,080,080,08,5.0,2,-0.0842459983150796
CHIEF EXECUTIVE,,GOV,,,AUSTRALIA,,,,,080,080,08,5.0,4,2.37430167597766
CHINA,,,,,TANZANIA,,,,,013,013,01,0.4,6,2.53968253968254
TANZANIA,,,,,CHINA,,,,,013,013,01,0.4,2,2.53968253968254
EUROPEAN,,,,,MILITARY,,MIL,,,071,071,07,7.4,3,-6.32911392405063
FRANCE,,GOV,,,FRANCE,,,,,010,010,01,0.0,1,-2.97202797202797
DETAINEE,,OPP,,,IRAQ,,,,,173,173,17,-5.0,5,-1.7425320056899
COMPANIES,,BUS,,,ANGLOGOLD ASHANTI,,MNC,,,070,070,07,7.0,2,0.3003003003003
COMPANIES,,BUS,,,NEWMONT MINING,,MNC,,,070,070,07,7.0,4,0.3003003003003
CHINA,,,,,PAKISTAN,,,,,080,080,08,5.0,2,-0.0842459983150796
CHINA,,,,,AFRICA,,,,,013,013,01,0.4,6,2.53968253968254
CONGRESS,,LEG,COP,,PROCURATORATE,,JUD,,,051,051,05,3.4,5,-4.87804878048781
,,,,,UNITED STATES,,,,,120,120,12,-4.0,4,3.63924050632911
PRESIDENT,,GOV,,,FRANCE,,,,,010,010,01,0.0,4,-2.97202797202797
,,,,,INVESTOR,,BUS,,,042,042,04,1.9,5,-1.10769230769231
BRITAIN,,,,,AUSTRALIA,,,,,042,042,04,1.9,12,-0.41928721174004
FRANCE,,GOV,,,FRANCE,,,,,010,010,01,0.0,1,-2.97202797202797
TANZANIA,,,,,CHINA,,,,,013,013,01,0.4,2,2.53968253968254
AFGHANISTAN,,,,,,,,,,010,010,01,0.0,4,0.91264667535854
,,,,,UNITED STATES,,,,,051,051,05,3.4,4,3.63924050632911
,,,,,BRITAIN,,,,,042,042,04,1.9,18,-0.41928721174004
CHINA,,,,,PAKISTAN,,,,,080,080,08,5.0,2,-0.0842459983150796
PAKISTAN,,,,,CHINA,,,,,080,080,08,5.0,2,-0.0842459983150796
ARMENIA,,,,,MILITARY,,MIL,,,071,071,07,7.4,1,-6.32911392405063
REPORTERS WITHOUT BORDERS,,NGO,HRI,MED,MEXICO,,,,,190,190,19,-10.0,10,-4.98567335243553
COMPANIES,,BUS,,,ANGLOGOLD ASHANTI,,MNC,,,070,070,07,7.0,3,0.3003003003003
AUSTRALIA,,,,,BRITAIN,,,,,043,043,04,2.8,6,-0.41928721174004
CHINA,,,,,PAKISTAN,,,,,080,080,08,5.0,6,-0.0842459983150796
ARMENIA,,,,,MILITARY,,MIL,,,071,071,07,7.4,1,-6.32911392405063
CHIEF EXECUTIVE,,GOV,,,,,,,,080,080,08,5.0,6,2.37430167597766
PAKISTAN,,,,,CHINA,,,,,080,080,08,5.0,6,-0.0842459983150796
